dish_id,dish_name,main_ingredients,description,health_label,food_class,region,spice_level,price_range,est_energy_kcal,est_protein_g,est_fat_total_g,est_carbs_total_g,est_fiber_g,est_sugar_total_g,est_sodium_mg,has_recipe,recipe_name,recipe_procedures,flag_diabetes_risk,flag_hypertension_risk
NGV2_0001,Amala,"yam flour, water",Amala is a Nigerian swallow commonly eaten in South-West or urban restaurants.,Moderate,swallow,South-West,mild,inexpensive,330,6,1,74,5,1,80,False,,,False,False
NGV2_0002,Amala with Grilled Chicken,"yam flour, water, chicken",A protein-enriched version of Amala.,Moderate,combo,South-West,mild,inexpensive,495,37,8,74,5,1,300,False,,,False,False
NGV2_0003,Amala with Fish,"yam flour, water, fish",A protein-enriched version of Amala.,Moderate,combo,South-West,mild,inexpensive,470,32,6,74,5,1,260,False,,,False,False
NGV2_0004,Amala with Turkey,"yam flour, water, turkey",A protein-enriched version of Amala.,Moderate,combo,South-West,mild,inexpensive,500,36,9,74,5,1,340,False,,,False,False
NGV2_0005,Amala with Beef,"yam flour, water, beef",A protein-enriched version of Amala.,Moderate,combo,South-West,mild,inexpensive,540,34,13,74,5,1,380,False,,,False,False
NGV2_0006,Ewedu Soup,"ewedu leaves, locust beans, crayfish",Ewedu Soup is a Nigerian soup commonly eaten in South-West or urban restaurants.,FBDG-friendly,soup,South-West,mild,inexpensive,140,8,6,13,6,2,520,False,,,False,False
NGV2_0007,Ewedu Soup with Eba,"ewedu leaves, locust beans, crayfish, eba",Ewedu Soup served with eba; portion size should be moderated for calorie and carbohydrate control.,Moderate,combo,South-West,mild,inexpensive,470,10,7,93,10,3,560,False,,,False,False
NGV2_0008,Ewedu Soup with Amala,"ewedu leaves, locust beans, crayfish, amala",Ewedu Soup served with amala; portion size should be moderated for calorie and carbohydrate control.,Moderate,combo,South-West,mild,inexpensive,460,13,7,85,11,3,580,False,,,False,False
NGV2_0009,Ewedu Soup with Pounded Yam,"ewedu leaves, locust beans, crayfish, pounded yam",Ewedu Soup served with pounded yam; portion size should be moderated for calorie and carbohydrate control.,Moderate,combo,South-West,mild,inexpensive,500,13,7,96,10,3,590,False,,,False,False
NGV2_0010,Ewedu Soup with Semovita,"ewedu leaves, locust beans, crayfish, semovita",Ewedu Soup served with semovita; portion size should be moderated for calorie and carbohydrate control.,Moderate,combo,South-West,mild,inexpensive,470,17,7,83,9,3,590,False,,,False,False
NGV2_0011,Ewedu Soup with Wheat Swallow,"ewedu leaves, locust beans, crayfish, wheat swallow",Ewedu Soup served with wheat swallow; portion size should be moderated for calorie and carbohydrate control.,Moderate,combo,South-West,mild,inexpensive,450,19,8,75,14,3,585,False,,,False,False
NGV2_0012,Gbegiri Soup,"beans, palm oil, pepper, locust beans",Gbegiri Soup is a Nigerian soup commonly eaten in South-West or urban restaurants.,FBDG-friendly,soup,South-West,medium,inexpensive,210,12,8,24,8,3,620,False,,,False,False
NGV2_0013,Gbegiri Soup with Eba,"beans, palm oil, pepper, locust beans, eba",Gbegiri Soup served with eba; portion size should be moderated for calorie and carbohydrate control.,Moderate,combo,South-West,medium,inexpensive,540,14,9,104,12,4,660,False,,,False,False
NGV2_0014,Gbegiri Soup with Amala,"beans, palm oil, pepper, locust beans, amala",Gbegiri Soup served with amala; portion size should be moderated for calorie and carbohydrate control.,Moderate,combo,South-West,medium,inexpensive,530,17,9,96,13,4,680,False,,,False,False
NGV2_0015,Gbegiri Soup with Pounded Yam,"beans, palm oil, pepper, locust beans, pounded yam",Gbegiri Soup served with pounded yam; portion size should be moderated for calorie and carbohydrate control.,Moderate,combo,South-West,medium,inexpensive,570,17,9,107,12,4,690,False,,,False,False
NGV2_0016,Gbegiri Soup with Semovita,"beans, palm oil, pepper, locust beans, semovita",Gbegiri Soup served with semovita; portion size should be moderated for calorie and carbohydrate control.,Moderate,combo,South-West,medium,inexpensive,540,21,9,94,11,4,690,False,,,False,False
NGV2_0017,Gbegiri Soup with Wheat Swallow,"beans, palm oil, pepper, locust beans, wheat swallow",Gbegiri Soup served with wheat swallow; portion size should be moderated for calorie and carbohydrate control.,Moderate,combo,South-West,medium,inexpensive,520,23,10,86,16,4,685,False,,,False,False
NGV2_0018,Efo Riro,"spinach, pepper, palm oil, fish, meat",Efo Riro is a Nigerian soup commonly eaten in South-West or urban restaurants.,FBDG-friendly,soup,South-West,medium,moderate,290,22,18,12,5,3,760,False,,,False,False
NGV2_0019,Efo Riro with Eba,"spinach, pepper, palm oil, fish, meat, eba",Efo Riro served with eba; portion size should be moderated for calorie and carbohydrate control.,Moderate,combo,South-West,medium,moderate,620,24,19,92,9,4,800,False,,,False,False
NGV2_0020,Efo Riro with Amala,"spinach, pepper, palm oil, fish, meat, amala",Efo Riro served with amala; portion size should be moderated for calorie and carbohydrate control.,Moderate,combo,South-West,medium,moderate,610,27,19,84,10,4,820,False,,,False,False
NGV2_0021,Efo Riro with Pounded Yam,"spinach, pepper, palm oil, fish, meat, pounded yam",Efo Riro served with pounded yam; portion size should be moderated for calorie and carbohydrate control.,Moderate,combo,South-West,medium,moderate,650,27,19,95,9,4,830,False,,,False,False
NGV2_0022,Efo Riro with Semovita,"spinach, pepper, palm oil, fish, meat, semovita",Efo Riro served with semovita; portion size should be moderated for calorie and carbohydrate control.,Moderate,combo,South-West,medium,moderate,620,31,19,82,8,4,830,False,,,False,False
NGV2_0023,Efo Riro with Wheat Swallow,"spinach, pepper, palm oil, fish, meat, wheat swallow",Efo Riro served with wheat swallow; portion size should be moderated for calorie and carbohydrate control.,Moderate,combo,South-West,medium,moderate,600,33,20,74,13,4,825,False,,,False,False
NGV2_0024,Ofada Rice,local rice,Ofada Rice is a Nigerian main dish commonly eaten in South-West or urban restaurants.,Limit,main_dish,South-West,mild,moderate,420,9,3,88,4,1,180,False,,,True,False
NGV2_0025,Ofada Rice with Grilled Chicken,"local rice, chicken",A protein-enriched version of Ofada Rice.,Limit,combo,South-West,mild,moderate,585,40,10,88,4,1,400,False,,,True,False
NGV2_0026,Ofada Rice with Fish,"local rice, fish",A protein-enriched version of Ofada Rice.,Limit,combo,South-West,mild,moderate,560,35,8,88,4,1,360,False,,,True,False
NGV2_0027,Ofada Rice with Turkey,"local rice, turkey",A protein-enriched version of Ofada Rice.,Limit,combo,South-West,mild,moderate,590,39,11,88,4,1,440,False,,,True,False
NGV2_0028,Ofada Rice with Beef,"local rice, beef",A protein-enriched version of Ofada Rice.,Limit,combo,South-West,mild,moderate,630,37,15,88,4,1,480,False,,,True,False
NGV2_0029,Ayamase Sauce,"green pepper, palm oil, locust beans, assorted meat",Ayamase Sauce is a Nigerian stew commonly eaten in South-West or urban restaurants.,Limit,stew,South-West,hot,moderate,380,24,29,8,3,2,880,False,,,False,False
NGV2_0030,Iyan,pounded yam,Iyan is a Nigerian swallow commonly eaten in South-West or urban restaurants.,Limit,swallow,South-West,mild,moderate,360,5,1,83,4,1,70,False,,,True,False
NGV2_0031,Iyan with Grilled Chicken,"pounded yam, chicken",A protein-enriched version of Iyan.,Limit,combo,South-West,mild,moderate,525,36,8,83,4,1,290,False,,,True,False
NGV2_0032,Iyan with Fish,"pounded yam, fish",A protein-enriched version of Iyan.,Limit,combo,South-West,mild,moderate,500,31,6,83,4,1,250,False,,,True,False
NGV2_0033,Iyan with Turkey,"pounded yam, turkey",A protein-enriched version of Iyan.,Limit,combo,South-West,mild,moderate,530,35,9,83,4,1,330,False,,,True,False
NGV2_0034,Iyan with Beef,"pounded yam, beef",A protein-enriched version of Iyan.,Limit,combo,South-West,mild,moderate,570,33,13,83,4,1,370,False,,,True,False
NGV2_0035,Ikokore,"water yam, fish, pepper, palm oil",Ikokore is a Nigerian main dish commonly eaten in South-West or urban restaurants.,Moderate,main_dish,South-West,medium,moderate,390,17,15,47,5,3,710,False,,,False,False
NGV2_0036,Ikokore with Grilled Chicken,"water yam, fish, pepper, palm oil, chicken",A protein-enriched version of Ikokore.,Moderate,combo,South-West,medium,moderate,555,48,22,47,5,3,930,False,,,False,True
NGV2_0037,Ikokore with Fish,"water yam, fish, pepper, palm oil, fish",A protein-enriched version of Ikokore.,Moderate,combo,South-West,medium,moderate,530,43,20,47,5,3,890,False,,,False,False
NGV2_0038,Ikokore with Turkey,"water yam, fish, pepper, palm oil, turkey",A protein-enriched version of Ikokore.,Moderate,combo,South-West,medium,moderate,560,47,23,47,5,3,970,False,,,False,True
NGV2_0039,Ikokore with Beef,"water yam, fish, pepper, palm oil, beef",A protein-enriched version of Ikokore.,Limit,combo,South-West,medium,moderate,600,45,27,47,5,3,1010,False,,,False,True
NGV2_0040,Asaro,"yam, pepper, palm oil, crayfish",Asaro is a Nigerian main dish commonly eaten in South-West or urban restaurants.,Moderate,main_dish,South-West,medium,inexpensive,430,9,13,70,6,4,610,False,,,False,False
NGV2_0041,Asaro with Grilled Chicken,"yam, pepper, palm oil, crayfish, chicken",A protein-enriched version of Asaro.,Moderate,combo,South-West,medium,inexpensive,595,40,20,70,6,4,830,False,,,False,False
NGV2_0042,Asaro with Fish,"yam, pepper, palm oil, crayfish, fish",A protein-enriched version of Asaro.,Moderate,combo,South-West,medium,inexpensive,570,35,18,70,6,4,790,False,,,False,False
NGV2_0043,Asaro with Turkey,"yam, pepper, palm oil, crayfish, turkey",A protein-enriched version of Asaro.,Moderate,combo,South-West,medium,inexpensive,600,39,21,70,6,4,870,False,,,False,False
NGV2_0044,Asaro with Beef,"yam, pepper, palm oil, crayfish, beef",A protein-enriched version of Asaro.,Moderate,combo,South-West,medium,inexpensive,640,37,25,70,6,4,910,False,,,False,True
NGV2_0045,Moin Moin,"beans, pepper, onion, oil",Moin Moin is a Nigerian side commonly eaten in South-West or urban restaurants.,FBDG-friendly,side,South-West,mild,inexpensive,260,15,9,30,8,3,480,False,,,False,False
NGV2_0046,Moin Moin with Grilled Chicken,"beans, pepper, onion, oil, chicken",A protein-enriched version of Moin Moin.,Moderate,main_dish,South-West,mild,inexpensive,425,46,16,30,8,3,700,False,,,False,False
NGV2_0047,Moin Moin with Fish,"beans, pepper, onion, oil, fish",A protein-enriched version of Moin Moin.,Moderate,main_dish,South-West,mild,inexpensive,400,41,14,30,8,3,660,False,,,False,False
NGV2_0048,Moin Moin with Turkey,"beans, pepper, onion, oil, turkey",A protein-enriched version of Moin Moin.,Moderate,main_dish,South-West,mild,inexpensive,430,45,17,30,8,3,740,False,,,False,False
NGV2_0049,Moin Moin with Beef,"beans, pepper, onion, oil, beef",A protein-enriched version of Moin Moin.,Moderate,main_dish,South-West,mild,inexpensive,470,43,21,30,8,3,780,False,,,False,False
NGV2_0050,Akara,"beans, pepper, onion, oil",Akara is a Nigerian snack commonly eaten in South-West or urban restaurants.,Moderate,snack,South-West,medium,inexpensive,320,16,18,27,7,3,500,False,,,False,False
NGV2_0051,Adalu,"beans, corn, palm oil, pepper",Adalu is a Nigerian main dish commonly eaten in South-West or urban restaurants.,Moderate,main_dish,South-West,medium,inexpensive,410,18,12,61,11,5,550,False,,,False,False
NGV2_0052,Adalu with Grilled Chicken,"beans, corn, palm oil, pepper, chicken",A protein-enriched version of Adalu.,Moderate,combo,South-West,medium,inexpensive,575,49,19,61,11,5,770,False,,,False,False
NGV2_0053,Adalu with Fish,"beans, corn, palm oil, pepper, fish",A protein-enriched version of Adalu.,Moderate,combo,South-West,medium,inexpensive,550,44,17,61,11,5,730,False,,,False,False
NGV2_0054,Adalu with Turkey,"beans, corn, palm oil, pepper, turkey",A protein-enriched version of Adalu.,Moderate,combo,South-West,medium,inexpensive,580,48,20,61,11,5,810,False,,,False,False
NGV2_0055,Adalu with Beef,"beans, corn, palm oil, pepper, beef",A protein-enriched version of Adalu.,Moderate,combo,South-West,medium,inexpensive,620,46,24,61,11,5,850,False,,,False,False
NGV2_0056,Ewa Agoyin,"beans, pepper sauce, palm oil",Ewa Agoyin is a Nigerian main dish commonly eaten in South-West or urban restaurants.,Moderate,main_dish,South-West,hot,inexpensive,460,20,17,58,13,5,720,False,,,False,False
NGV2_0057,Ewa Agoyin with Grilled Chicken,"beans, pepper sauce, palm oil, chicken",A protein-enriched version of Ewa Agoyin.,Moderate,combo,South-West,hot,inexpensive,625,51,24,58,13,5,940,False,,,False,True
NGV2_0058,Ewa Agoyin with Fish,"beans, pepper sauce, palm oil, fish",A protein-enriched version of Ewa Agoyin.,Moderate,combo,South-West,hot,inexpensive,600,46,22,58,13,5,900,False,,,False,False
NGV2_0059,Ewa Agoyin with Turkey,"beans, pepper sauce, palm oil, turkey",A protein-enriched version of Ewa Agoyin.,Moderate,combo,South-West,hot,inexpensive,630,50,25,58,13,5,980,False,,,False,True
NGV2_0060,Ewa Agoyin with Beef,"beans, pepper sauce, palm oil, beef",A protein-enriched version of Ewa Agoyin.,Limit,combo,South-West,hot,inexpensive,670,48,29,58,13,5,1020,False,,,False,True
NGV2_0061,Abula,"amala, ewedu, gbegiri, stew",Abula is a Nigerian combo commonly eaten in South-West or urban restaurants.,Limit,combo,South-West,medium,moderate,620,25,20,86,12,5,1020,False,,,False,True
NGV2_0062,Oha Soup,"oha leaves, cocoyam, fish, meat, palm oil",Oha Soup is a Nigerian soup commonly eaten in South-East or urban restaurants.,FBDG-friendly,soup,South-East,medium,moderate,330,24,20,14,5,2,740,False,,,False,False
NGV2_0063,Oha Soup with Eba,"oha leaves, cocoyam, fish, meat, palm oil, eba",Oha Soup served with eba; portion size should be moderated for calorie and carbohydrate control.,Moderate,combo,South-East,medium,moderate,660,26,21,94,9,3,780,False,,,False,False
NGV2_0064,Oha Soup with Amala,"oha leaves, cocoyam, fish, meat, palm oil, amala",Oha Soup served with amala; portion size should be moderated for calorie and carbohydrate control.,Moderate,combo,South-East,medium,moderate,650,29,21,86,10,3,800,False,,,False,False
NGV2_0065,Oha Soup with Pounded Yam,"oha leaves, cocoyam, fish, meat, palm oil, pounded yam",Oha Soup served with pounded yam; portion size should be moderated for calorie and carbohydrate control.,Moderate,combo,South-East,medium,moderate,690,29,21,97,9,3,810,False,,,False,False
NGV2_0066,Oha Soup with Semovita,"oha leaves, cocoyam, fish, meat, palm oil, semovita",Oha Soup served with semovita; portion size should be moderated for calorie and carbohydrate control.,Moderate,combo,South-East,medium,moderate,660,33,21,84,8,3,810,False,,,False,False
NGV2_0067,Oha Soup with Wheat Swallow,"oha leaves, cocoyam, fish, meat, palm oil, wheat swallow",Oha Soup served with wheat swallow; portion size should be moderated for calorie and carbohydrate control.,Moderate,combo,South-East,medium,moderate,640,35,22,76,13,3,805,False,,,False,False
NGV2_0068,Ofe Nsala,"catfish, yam, utazi, spices",Ofe Nsala is a Nigerian soup commonly eaten in South-East or urban restaurants.,Moderate,soup,South-East,medium,moderate,260,27,11,13,2,1,820,False,,,False,False
NGV2_0069,Ofe Nsala with Eba,"catfish, yam, utazi, spices, eba",Ofe Nsala served with eba; portion size should be moderated for calorie and carbohydrate control.,Moderate,combo,South-East,medium,moderate,590,29,12,93,6,2,860,False,,,False,False
NGV2_0070,Ofe Nsala with Amala,"catfish, yam, utazi, spices, amala",Ofe Nsala served with amala; portion size should be moderated for calorie and carbohydrate control.,Moderate,combo,South-East,medium,moderate,580,32,12,85,7,2,880,False,,,False,False
NGV2_0071,Ofe Nsala with Pounded Yam,"catfish, yam, utazi, spices, pounded yam",Ofe Nsala served with pounded yam; portion size should be moderated for calorie and carbohydrate control.,Moderate,combo,South-East,medium,moderate,620,32,12,96,6,2,890,False,,,False,False
NGV2_0072,Ofe Nsala with Semovita,"catfish, yam, utazi, spices, semovita",Ofe Nsala served with semovita; portion size should be moderated for calorie and carbohydrate control.,Moderate,combo,South-East,medium,moderate,590,36,12,83,5,2,890,False,,,True,False
NGV2_0073,Ofe Nsala with Wheat Swallow,"catfish, yam, utazi, spices, wheat swallow",Ofe Nsala served with wheat swallow; portion size should be moderated for calorie and carbohydrate control.,Moderate,combo,South-East,medium,moderate,570,38,13,75,10,2,885,False,,,False,False
NGV2_0074,Ofe Onugbu,"bitterleaf, cocoyam, fish, meat, palm oil",Ofe Onugbu is a Nigerian soup commonly eaten in South-East or urban restaurants.,FBDG-friendly,soup,South-East,medium,moderate,350,25,21,16,6,2,780,False,,,False,False
NGV2_0075,Ofe Onugbu with Eba,"bitterleaf, cocoyam, fish, meat, palm oil, eba",Ofe Onugbu served with eba; portion size should be moderated for calorie and carbohydrate control.,Moderate,combo,South-East,medium,moderate,680,27,22,96,10,3,820,False,,,False,False
NGV2_0076,Ofe Onugbu with Amala,"bitterleaf, cocoyam, fish, meat, palm oil, amala",Ofe Onugbu served with amala; portion size should be moderated for calorie and carbohydrate control.,Moderate,combo,South-East,medium,moderate,670,30,22,88,11,3,840,False,,,False,False
NGV2_0077,Ofe Onugbu with Pounded Yam,"bitterleaf, cocoyam, fish, meat, palm oil, pounded yam",Ofe Onugbu served with pounded yam; portion size should be moderated for calorie and carbohydrate control.,Limit,combo,South-East,medium,moderate,710,30,22,99,10,3,850,False,,,False,False
NGV2_0078,Ofe Onugbu with Semovita,"bitterleaf, cocoyam, fish, meat, palm oil, semovita",Ofe Onugbu served with semovita; portion size should be moderated for calorie and carbohydrate control.,Moderate,combo,South-East,medium,moderate,680,34,22,86,9,3,850,False,,,False,False
NGV2_0079,Ofe Onugbu with Wheat Swallow,"bitterleaf, cocoyam, fish, meat, palm oil, wheat swallow",Ofe Onugbu served with wheat swallow; portion size should be moderated for calorie and carbohydrate control.,Moderate,combo,South-East,medium,moderate,660,36,23,78,14,3,845,False,,,False,False
NGV2_0080,Ofe Owerri,"assorted vegetables, fish, meat, palm oil",Ofe Owerri is a Nigerian soup commonly eaten in South-East or urban restaurants.,Moderate,soup,South-East,medium,expensive,390,30,24,13,6,2,850,False,,,False,False
NGV2_0081,Ofe Owerri with Eba,"assorted vegetables, fish, meat, palm oil, eba",Ofe Owerri served with eba; portion size should be moderated for calorie and carbohydrate control.,Limit,combo,South-East,medium,expensive,720,32,25,93,10,3,890,False,,,False,False
NGV2_0082,Ofe Owerri with Amala,"assorted vegetables, fish, meat, palm oil, amala",Ofe Owerri served with amala; portion size should be moderated for calorie and carbohydrate control.,Limit,combo,South-East,medium,expensive,710,35,25,85,11,3,910,False,,,False,True
NGV2_0083,Ofe Owerri with Pounded Yam,"assorted vegetables, fish, meat, palm oil, pounded yam",Ofe Owerri served with pounded yam; portion size should be moderated for calorie and carbohydrate control.,Limit,combo,South-East,medium,expensive,750,35,25,96,10,3,920,False,,,False,True
NGV2_0084,Ofe Owerri with Semovita,"assorted vegetables, fish, meat, palm oil, semovita",Ofe Owerri served with semovita; portion size should be moderated for calorie and carbohydrate control.,Limit,combo,South-East,medium,expensive,720,39,25,83,9,3,920,False,,,False,True
NGV2_0085,Ofe Owerri with Wheat Swallow,"assorted vegetables, fish, meat, palm oil, wheat swallow",Ofe Owerri served with wheat swallow; portion size should be moderated for calorie and carbohydrate control.,Moderate,combo,South-East,medium,expensive,700,41,26,75,14,3,915,False,,,False,True
NGV2_0086,Abacha,"cassava, ugba, palm oil, garden egg, fish",Abacha is a Nigerian main dish commonly eaten in South-East or urban restaurants.,Moderate,main_dish,South-East,medium,moderate,430,14,20,54,7,3,790,False,,,False,False
NGV2_0087,Abacha with Grilled Chicken,"cassava, ugba, palm oil, garden egg, fish, chicken",A protein-enriched version of Abacha.,Limit,combo,South-East,medium,moderate,595,45,27,54,7,3,1010,False,,,False,True
NGV2_0088,Abacha with Fish,"cassava, ugba, palm oil, garden egg, fish, fish",A protein-enriched version of Abacha.,Moderate,combo,South-East,medium,moderate,570,40,25,54,7,3,970,False,,,False,True
NGV2_0089,Abacha with Turkey,"cassava, ugba, palm oil, garden egg, fish, turkey",A protein-enriched version of Abacha.,Limit,combo,South-East,medium,moderate,600,44,28,54,7,3,1050,False,,,False,True
NGV2_0090,Abacha with Beef,"cassava, ugba, palm oil, garden egg, fish, beef",A protein-enriched version of Abacha.,Limit,combo,South-East,medium,moderate,640,42,32,54,7,3,1090,False,,,False,True
NGV2_0091,Ugba,"oil bean seed, pepper, palm oil, fish",Ugba is a Nigerian side commonly eaten in South-East or urban restaurants.,FBDG-friendly,side,South-East,medium,moderate,260,15,16,16,6,2,650,False,,,False,False
NGV2_0092,Ugba with Grilled Chicken,"oil bean seed, pepper, palm oil, fish, chicken",A protein-enriched version of Ugba.,Moderate,main_dish,South-East,medium,moderate,425,46,23,16,6,2,870,False,,,False,False
NGV2_0093,Ugba with Fish,"oil bean seed, pepper, palm oil, fish, fish",A protein-enriched version of Ugba.,Moderate,main_dish,South-East,medium,moderate,400,41,21,16,6,2,830,False,,,False,False
NGV2_0094,Ugba with Turkey,"oil bean seed, pepper, palm oil, fish, turkey",A protein-enriched version of Ugba.,Moderate,main_dish,South-East,medium,moderate,430,45,24,16,6,2,910,False,,,False,True
NGV2_0095,Ugba with Beef,"oil bean seed, pepper, palm oil, fish, beef",A protein-enriched version of Ugba.,Moderate,main_dish,South-East,medium,moderate,470,43,28,16,6,2,950,False,,,False,True
NGV2_0096,Nkwobi,"cow foot, palm oil, potash, pepper",Nkwobi is a Nigerian protein commonly eaten in South-East or urban restaurants.,Limit,protein,South-East,hot,moderate,520,34,38,8,2,1,1120,False,,,False,True
NGV2_0097,Boiled Nkwobi,"cow foot, palm oil, potash, pepper",boiled preparation of Nkwobi.,Limit,protein,South-East,mild,moderate,480,34,33,8,2,1,1040,False,,,False,True
NGV2_0098,Grilled Nkwobi,"cow foot, palm oil, potash, pepper",grilled preparation of Nkwobi.,Limit,protein,South-East,medium,moderate,540,34,40,8,2,1,1180,False,,,False,True
NGV2_0099,Fried Nkwobi,"cow foot, palm oil, potash, pepper",fried preparation of Nkwobi.,Limit,protein,South-East,medium,moderate,640,34,50,8,2,1,1240,False,,,False,True
NGV2_0100,Isi Ewu,"goat head, palm oil, pepper, spices",Isi Ewu is a Nigerian protein commonly eaten in South-East or urban restaurants.,Limit,protein,South-East,hot,moderate,560,39,41,8,2,1,1180,False,,,False,True
NGV2_0101,Boiled Isi Ewu,"goat head, palm oil, pepper, spices",boiled preparation of Isi Ewu.,Limit,protein,South-East,mild,moderate,520,39,36,8,2,1,1100,False,,,False,True
NGV2_0102,Grilled Isi Ewu,"goat head, palm oil, pepper, spices",grilled preparation of Isi Ewu.,Limit,protein,South-East,medium,moderate,580,39,43,8,2,1,1240,False,,,False,True
NGV2_0103,Fried Isi Ewu,"goat head, palm oil, pepper, spices",fried preparation of Isi Ewu.,Limit,protein,South-East,medium,moderate,680,39,53,8,2,1,1300,False,,,False,True
NGV2_0104,Okpa,"bambara nut flour, palm oil, pepper",Okpa is a Nigerian side commonly eaten in South-East or urban restaurants.,FBDG-friendly,side,South-East,mild,inexpensive,360,19,13,42,9,3,520,False,,,False,False
NGV2_0105,Okpa with Grilled Chicken,"bambara nut flour, palm oil, pepper, chicken",A protein-enriched version of Okpa.,Moderate,main_dish,South-East,mild,inexpensive,525,50,20,42,9,3,740,False,,,False,False
NGV2_0106,Okpa with Fish,"bambara nut flour, palm oil, pepper, fish",A protein-enriched version of Okpa.,Moderate,main_dish,South-East,mild,inexpensive,500,45,18,42,9,3,700,False,,,False,False
NGV2_0107,Okpa with Turkey,"bambara nut flour, palm oil, pepper, turkey",A protein-enriched version of Okpa.,Moderate,main_dish,South-East,mild,inexpensive,530,49,21,42,9,3,780,False,,,False,False
NGV2_0108,Okpa with Beef,"bambara nut flour, palm oil, pepper, beef",A protein-enriched version of Okpa.,Moderate,main_dish,South-East,mild,inexpensive,570,47,25,42,9,3,820,False,,,False,False
NGV2_0109,Achicha,"dried cocoyam, vegetables, oil bean",Achicha is a Nigerian main dish commonly eaten in South-East or urban restaurants.,Moderate,main_dish,South-East,medium,moderate,400,14,14,56,8,3,620,False,,,False,False
NGV2_0110,Achicha with Grilled Chicken,"dried cocoyam, vegetables, oil bean, chicken",A protein-enriched version of Achicha.,Moderate,combo,South-East,medium,moderate,565,45,21,56,8,3,840,False,,,False,False
NGV2_0111,Achicha with Fish,"dried cocoyam, vegetables, oil bean, fish",A protein-enriched version of Achicha.,Moderate,combo,South-East,medium,moderate,540,40,19,56,8,3,800,False,,,False,False
NGV2_0112,Achicha with Turkey,"dried cocoyam, vegetables, oil bean, turkey",A protein-enriched version of Achicha.,Moderate,combo,South-East,medium,moderate,570,44,22,56,8,3,880,False,,,False,False
NGV2_0113,Achicha with Beef,"dried cocoyam, vegetables, oil bean, beef",A protein-enriched version of Achicha.,Moderate,combo,South-East,medium,moderate,610,42,26,56,8,3,920,False,,,False,True
NGV2_0114,Ukwa,"breadfruit, potash, palm oil",Ukwa is a Nigerian main dish commonly eaten in South-East or urban restaurants.,Moderate,main_dish,South-East,mild,moderate,430,16,10,72,10,4,410,False,,,False,False
NGV2_0115,Ukwa with Grilled Chicken,"breadfruit, potash, palm oil, chicken",A protein-enriched version of Ukwa.,Moderate,combo,South-East,mild,moderate,595,47,17,72,10,4,630,False,,,False,False
NGV2_0116,Ukwa with Fish,"breadfruit, potash, palm oil, fish",A protein-enriched version of Ukwa.,Moderate,combo,South-East,mild,moderate,570,42,15,72,10,4,590,False,,,False,False
NGV2_0117,Ukwa with Turkey,"breadfruit, potash, palm oil, turkey",A protein-enriched version of Ukwa.,Moderate,combo,South-East,mild,moderate,600,46,18,72,10,4,670,False,,,False,False
NGV2_0118,Ukwa with Beef,"breadfruit, potash, palm oil, beef",A protein-enriched version of Ukwa.,Moderate,combo,South-East,mild,moderate,640,44,22,72,10,4,710,False,,,False,False
NGV2_0119,Afang Soup,"afang leaves, waterleaf, fish, meat, palm oil",Afang Soup is a Nigerian soup commonly eaten in South-East or urban restaurants.,FBDG-friendly,soup,South-East,medium,moderate,340,25,20,13,7,2,760,False,,,False,False
NGV2_0120,Afang Soup with Eba,"afang leaves, waterleaf, fish, meat, palm oil, eba",Afang Soup served with eba; portion size should be moderated for calorie and carbohydrate control.,Moderate,combo,South-East,medium,moderate,670,27,21,93,11,3,800,False,,,False,False
NGV2_0121,Afang Soup with Amala,"afang leaves, waterleaf, fish, meat, palm oil, amala",Afang Soup served with amala; portion size should be moderated for calorie and carbohydrate control.,Moderate,combo,South-East,medium,moderate,660,30,21,85,12,3,820,False,,,False,False
NGV2_0122,Afang Soup with Pounded Yam,"afang leaves, waterleaf, fish, meat, palm oil, pounded yam",Afang Soup served with pounded yam; portion size should be moderated for calorie and carbohydrate control.,Moderate,combo,South-East,medium,moderate,700,30,21,96,11,3,830,False,,,False,False
NGV2_0123,Afang Soup with Semovita,"afang leaves, waterleaf, fish, meat, palm oil, semovita",Afang Soup served with semovita; portion size should be moderated for calorie and carbohydrate control.,Moderate,combo,South-East,medium,moderate,670,34,21,83,10,3,830,False,,,False,False
NGV2_0124,Afang Soup with Wheat Swallow,"afang leaves, waterleaf, fish, meat, palm oil, wheat swallow",Afang Soup served with wheat swallow; portion size should be moderated for calorie and carbohydrate control.,Moderate,combo,South-East,medium,moderate,650,36,22,75,15,3,825,False,,,False,False
NGV2_0125,Edikang Ikong,"ugu, waterleaf, fish, meat, palm oil",Edikang Ikong is a Nigerian soup commonly eaten in South-East or urban restaurants.,FBDG-friendly,soup,South-East,medium,moderate,360,27,22,12,7,2,780,False,,,False,False
NGV2_0126,Edikang Ikong with Eba,"ugu, waterleaf, fish, meat, palm oil, eba",Edikang Ikong served with eba; portion size should be moderated for calorie and carbohydrate control.,Moderate,combo,South-East,medium,moderate,690,29,23,92,11,3,820,False,,,False,False
NGV2_0127,Edikang Ikong with Amala,"ugu, waterleaf, fish, meat, palm oil, amala",Edikang Ikong served with amala; portion size should be moderated for calorie and carbohydrate control.,Moderate,combo,South-East,medium,moderate,680,32,23,84,12,3,840,False,,,False,False
NGV2_0128,Edikang Ikong with Pounded Yam,"ugu, waterleaf, fish, meat, palm oil, pounded yam",Edikang Ikong served with pounded yam; portion size should be moderated for calorie and carbohydrate control.,Limit,combo,South-East,medium,moderate,720,32,23,95,11,3,850,False,,,False,False
NGV2_0129,Edikang Ikong with Semovita,"ugu, waterleaf, fish, meat, palm oil, semovita",Edikang Ikong served with semovita; portion size should be moderated for calorie and carbohydrate control.,Moderate,combo,South-East,medium,moderate,690,36,23,82,10,3,850,False,,,False,False
NGV2_0130,Edikang Ikong with Wheat Swallow,"ugu, waterleaf, fish, meat, palm oil, wheat swallow",Edikang Ikong served with wheat swallow; portion size should be moderated for calorie and carbohydrate control.,Moderate,combo,South-East,medium,moderate,670,38,24,74,15,3,845,False,,,False,False
NGV2_0131,Tuwo Shinkafa,"rice flour, water",Tuwo Shinkafa is a Nigerian swallow commonly eaten in North or urban restaurants.,Moderate,swallow,North,mild,inexpensive,350,6,1,78,2,1,60,False,,,False,False
NGV2_0132,Tuwo Shinkafa with Grilled Chicken,"rice flour, water, chicken",A protein-enriched version of Tuwo Shinkafa.,Moderate,combo,North,mild,inexpensive,515,37,8,78,2,1,280,False,,,False,False
NGV2_0133,Tuwo Shinkafa with Fish,"rice flour, water, fish",A protein-enriched version of Tuwo Shinkafa.,Moderate,combo,North,mild,inexpensive,490,32,6,78,2,1,240,False,,,False,False
NGV2_0134,Tuwo Shinkafa with Turkey,"rice flour, water, turkey",A protein-enriched version of Tuwo Shinkafa.,Moderate,combo,North,mild,inexpensive,520,36,9,78,2,1,320,False,,,False,False
NGV2_0135,Tuwo Shinkafa with Beef,"rice flour, water, beef",A protein-enriched version of Tuwo Shinkafa.,Moderate,combo,North,mild,inexpensive,560,34,13,78,2,1,360,False,,,False,False
NGV2_0136,Tuwo Masara,"maize flour, water",Tuwo Masara is a Nigerian swallow commonly eaten in North or urban restaurants.,Moderate,swallow,North,mild,inexpensive,340,8,2,72,5,1,70,False,,,False,False
NGV2_0137,Tuwo Masara with Grilled Chicken,"maize flour, water, chicken",A protein-enriched version of Tuwo Masara.,Moderate,combo,North,mild,inexpensive,505,39,9,72,5,1,290,False,,,False,False
NGV2_0138,Tuwo Masara with Fish,"maize flour, water, fish",A protein-enriched version of Tuwo Masara.,Moderate,combo,North,mild,inexpensive,480,34,7,72,5,1,250,False,,,False,False
NGV2_0139,Tuwo Masara with Turkey,"maize flour, water, turkey",A protein-enriched version of Tuwo Masara.,Moderate,combo,North,mild,inexpensive,510,38,10,72,5,1,330,False,,,False,False
NGV2_0140,Tuwo Masara with Beef,"maize flour, water, beef",A protein-enriched version of Tuwo Masara.,Moderate,combo,North,mild,inexpensive,550,36,14,72,5,1,370,False,,,False,False
NGV2_0141,Miyan Kuka,"baobab leaves, meat, fish, spices",Miyan Kuka is a Nigerian soup commonly eaten in North or urban restaurants.,FBDG-friendly,soup,North,medium,inexpensive,230,20,12,12,7,2,760,False,,,False,False
NGV2_0142,Miyan Kuka with Eba,"baobab leaves, meat, fish, spices, eba",Miyan Kuka served with eba; portion size should be moderated for calorie and carbohydrate control.,Moderate,combo,North,medium,inexpensive,560,22,13,92,11,3,800,False,,,False,False
NGV2_0143,Miyan Kuka with Amala,"baobab leaves, meat, fish, spices, amala",Miyan Kuka served with amala; portion size should be moderated for calorie and carbohydrate control.,Moderate,combo,North,medium,inexpensive,550,25,13,84,12,3,820,False,,,False,False
NGV2_0144,Miyan Kuka with Pounded Yam,"baobab leaves, meat, fish, spices, pounded yam",Miyan Kuka served with pounded yam; portion size should be moderated for calorie and carbohydrate control.,Moderate,combo,North,medium,inexpensive,590,25,13,95,11,3,830,False,,,False,False
NGV2_0145,Miyan Kuka with Semovita,"baobab leaves, meat, fish, spices, semovita",Miyan Kuka served with semovita; portion size should be moderated for calorie and carbohydrate control.,Moderate,combo,North,medium,inexpensive,560,29,13,82,10,3,830,False,,,False,False
NGV2_0146,Miyan Kuka with Wheat Swallow,"baobab leaves, meat, fish, spices, wheat swallow",Miyan Kuka served with wheat swallow; portion size should be moderated for calorie and carbohydrate control.,Moderate,combo,North,medium,inexpensive,540,31,14,74,15,3,825,False,,,False,False
NGV2_0147,Miyan Taushe,"pumpkin, groundnut, spinach, meat",Miyan Taushe is a Nigerian soup commonly eaten in North or urban restaurants.,Moderate,soup,North,medium,moderate,300,19,16,22,7,5,820,False,,,False,False
NGV2_0148,Miyan Taushe with Eba,"pumpkin, groundnut, spinach, meat, eba",Miyan Taushe served with eba; portion size should be moderated for calorie and carbohydrate control.,Moderate,combo,North,medium,moderate,630,21,17,102,11,6,860,False,,,False,False
NGV2_0149,Miyan Taushe with Amala,"pumpkin, groundnut, spinach, meat, amala",Miyan Taushe served with amala; portion size should be moderated for calorie and carbohydrate control.,Moderate,combo,North,medium,moderate,620,24,17,94,12,6,880,False,,,False,False
NGV2_0150,Miyan Taushe with Pounded Yam,"pumpkin, groundnut, spinach, meat, pounded yam",Miyan Taushe served with pounded yam; portion size should be moderated for calorie and carbohydrate control.,Moderate,combo,North,medium,moderate,660,24,17,105,11,6,890,False,,,False,False
NGV2_0151,Miyan Taushe with Semovita,"pumpkin, groundnut, spinach, meat, semovita",Miyan Taushe served with semovita; portion size should be moderated for calorie and carbohydrate control.,Moderate,combo,North,medium,moderate,630,28,17,92,10,6,890,False,,,False,False
NGV2_0152,Miyan Taushe with Wheat Swallow,"pumpkin, groundnut, spinach, meat, wheat swallow",Miyan Taushe served with wheat swallow; portion size should be moderated for calorie and carbohydrate control.,Moderate,combo,North,medium,moderate,610,30,18,84,15,6,885,False,,,False,False
NGV2_0153,Miyan Wake,"bean soup, spices, meat",Miyan Wake is a Nigerian soup commonly eaten in North or urban restaurants.,FBDG-friendly,soup,North,medium,inexpensive,280,18,11,28,9,3,760,False,,,False,False
NGV2_0154,Miyan Wake with Eba,"bean soup, spices, meat, eba",Miyan Wake served with eba; portion size should be moderated for calorie and carbohydrate control.,Moderate,combo,North,medium,inexpensive,610,20,12,108,13,4,800,False,,,False,False
NGV2_0155,Miyan Wake with Amala,"bean soup, spices, meat, amala",Miyan Wake served with amala; portion size should be moderated for calorie and carbohydrate control.,Moderate,combo,North,medium,inexpensive,600,23,12,100,14,4,820,False,,,False,False
NGV2_0156,Miyan Wake with Pounded Yam,"bean soup, spices, meat, pounded yam",Miyan Wake served with pounded yam; portion size should be moderated for calorie and carbohydrate control.,Moderate,combo,North,medium,inexpensive,640,23,12,111,13,4,830,False,,,False,False
NGV2_0157,Miyan Wake with Semovita,"bean soup, spices, meat, semovita",Miyan Wake served with semovita; portion size should be moderated for calorie and carbohydrate control.,Moderate,combo,North,medium,inexpensive,610,27,12,98,12,4,830,False,,,False,False
NGV2_0158,Miyan Wake with Wheat Swallow,"bean soup, spices, meat, wheat swallow",Miyan Wake served with wheat swallow; portion size should be moderated for calorie and carbohydrate control.,Moderate,combo,North,medium,inexpensive,590,29,13,90,17,4,825,False,,,False,False
NGV2_0159,Masa,"rice batter, oil",Masa is a Nigerian snack commonly eaten in North or urban restaurants.,Moderate,snack,North,mild,inexpensive,290,7,9,46,2,3,390,False,,,False,False
NGV2_0160,Kilishi,"lean beef, spices, groundnut paste",Kilishi is a Nigerian snack commonly eaten in North or urban restaurants.,Moderate,snack,North,hot,moderate,310,37,15,8,2,2,980,False,,,False,True
NGV2_0161,Dambu Nama,"shredded beef, spices, oil",Dambu Nama is a Nigerian protein commonly eaten in North or urban restaurants.,Limit,protein,North,medium,moderate,390,45,22,3,1,1,1050,False,,,False,True
NGV2_0162,Boiled Dambu Nama,"shredded beef, spices, oil",boiled preparation of Dambu Nama.,Moderate,protein,North,mild,moderate,350,45,17,3,1,1,970,False,,,False,True
NGV2_0163,Grilled Dambu Nama,"shredded beef, spices, oil",grilled preparation of Dambu Nama.,Limit,protein,North,medium,moderate,410,45,24,3,1,1,1110,False,,,False,True
NGV2_0164,Fried Dambu Nama,"shredded beef, spices, oil",fried preparation of Dambu Nama.,Limit,protein,North,medium,moderate,510,45,34,3,1,1,1170,False,,,False,True
NGV2_0165,Fura da Nono,"millet balls, fermented milk",Fura da Nono is a Nigerian drink commonly eaten in North or urban restaurants.,Limit,drink,North,mild,inexpensive,360,12,9,58,4,16,180,False,,,True,False
NGV2_0166,Dan Wake,"bean flour dumplings, pepper, oil",Dan Wake is a Nigerian main dish commonly eaten in North or urban restaurants.,Moderate,main_dish,North,medium,inexpensive,410,18,14,54,8,3,650,False,,,False,False
NGV2_0167,Dan Wake with Grilled Chicken,"bean flour dumplings, pepper, oil, chicken",A protein-enriched version of Dan Wake.,Moderate,combo,North,medium,inexpensive,575,49,21,54,8,3,870,False,,,False,False
NGV2_0168,Dan Wake with Fish,"bean flour dumplings, pepper, oil, fish",A protein-enriched version of Dan Wake.,Moderate,combo,North,medium,inexpensive,550,44,19,54,8,3,830,False,,,False,False
NGV2_0169,Dan Wake with Turkey,"bean flour dumplings, pepper, oil, turkey",A protein-enriched version of Dan Wake.,Moderate,combo,North,medium,inexpensive,580,48,22,54,8,3,910,False,,,False,True
NGV2_0170,Dan Wake with Beef,"bean flour dumplings, pepper, oil, beef",A protein-enriched version of Dan Wake.,Moderate,combo,North,medium,inexpensive,620,46,26,54,8,3,950,False,,,False,True
NGV2_0171,Gurasa,wheat flatbread,Gurasa is a Nigerian side commonly eaten in North or urban restaurants.,Moderate,side,North,mild,inexpensive,260,8,3,50,3,2,380,False,,,False,False
NGV2_0172,Gurasa with Grilled Chicken,"wheat flatbread, chicken",A protein-enriched version of Gurasa.,Moderate,main_dish,North,mild,inexpensive,425,39,10,50,3,2,600,False,,,False,False
NGV2_0173,Gurasa with Fish,"wheat flatbread, fish",A protein-enriched version of Gurasa.,Moderate,main_dish,North,mild,inexpensive,400,34,8,50,3,2,560,False,,,False,False
NGV2_0174,Gurasa with Turkey,"wheat flatbread, turkey",A protein-enriched version of Gurasa.,Moderate,main_dish,North,mild,inexpensive,430,38,11,50,3,2,640,False,,,False,False
NGV2_0175,Gurasa with Beef,"wheat flatbread, beef",A protein-enriched version of Gurasa.,Moderate,main_dish,North,mild,inexpensive,470,36,15,50,3,2,680,False,,,False,False
NGV2_0176,Banga Soup,"palm fruit, fish, meat, spices",Banga Soup is a Nigerian soup commonly eaten in South-South or urban restaurants.,Limit,soup,South-South,medium,moderate,420,24,30,13,5,3,830,False,,,False,False
NGV2_0177,Banga Soup with Eba,"palm fruit, fish, meat, spices, eba",Banga Soup served with eba; portion size should be moderated for calorie and carbohydrate control.,Limit,combo,South-South,medium,moderate,750,26,31,93,9,4,870,False,,,False,False
NGV2_0178,Banga Soup with Amala,"palm fruit, fish, meat, spices, amala",Banga Soup served with amala; portion size should be moderated for calorie and carbohydrate control.,Limit,combo,South-South,medium,moderate,740,29,31,85,10,4,890,False,,,False,False
NGV2_0179,Banga Soup with Pounded Yam,"palm fruit, fish, meat, spices, pounded yam",Banga Soup served with pounded yam; portion size should be moderated for calorie and carbohydrate control.,Limit,combo,South-South,medium,moderate,780,29,31,96,9,4,900,False,,,False,False
NGV2_0180,Banga Soup with Semovita,"palm fruit, fish, meat, spices, semovita",Banga Soup served with semovita; portion size should be moderated for calorie and carbohydrate control.,Limit,combo,South-South,medium,moderate,750,33,31,83,8,4,900,False,,,False,False
NGV2_0181,Banga Soup with Wheat Swallow,"palm fruit, fish, meat, spices, wheat swallow",Banga Soup served with wheat swallow; portion size should be moderated for calorie and carbohydrate control.,Limit,combo,South-South,medium,moderate,730,35,32,75,13,4,895,False,,,False,False
NGV2_0182,Starch,"cassava starch, palm oil",Starch is a Nigerian swallow commonly eaten in South-South or urban restaurants.,Moderate,swallow,South-South,mild,inexpensive,360,2,8,70,2,1,80,False,,,False,False
NGV2_0183,Starch with Grilled Chicken,"cassava starch, palm oil, chicken",A protein-enriched version of Starch.,Moderate,combo,South-South,mild,inexpensive,525,33,15,70,2,1,300,False,,,False,False
NGV2_0184,Starch with Fish,"cassava starch, palm oil, fish",A protein-enriched version of Starch.,Moderate,combo,South-South,mild,inexpensive,500,28,13,70,2,1,260,False,,,False,False
NGV2_0185,Starch with Turkey,"cassava starch, palm oil, turkey",A protein-enriched version of Starch.,Moderate,combo,South-South,mild,inexpensive,530,32,16,70,2,1,340,False,,,True,False
NGV2_0186,Starch with Beef,"cassava starch, palm oil, beef",A protein-enriched version of Starch.,Moderate,combo,South-South,mild,inexpensive,570,30,20,70,2,1,380,False,,,True,False
NGV2_0187,Fisherman Soup,"fresh fish, seafood, vegetables, pepper",Fisherman Soup is a Nigerian soup commonly eaten in South-South or urban restaurants.,FBDG-friendly,soup,South-South,medium,expensive,330,35,16,10,4,2,790,False,,,False,False
NGV2_0188,Fisherman Soup with Eba,"fresh fish, seafood, vegetables, pepper, eba",Fisherman Soup served with eba; portion size should be moderated for calorie and carbohydrate control.,Moderate,combo,South-South,medium,expensive,660,37,17,90,8,3,830,False,,,False,False
NGV2_0189,Fisherman Soup with Amala,"fresh fish, seafood, vegetables, pepper, amala",Fisherman Soup served with amala; portion size should be moderated for calorie and carbohydrate control.,Moderate,combo,South-South,medium,expensive,650,40,17,82,9,3,850,False,,,False,False
NGV2_0190,Fisherman Soup with Pounded Yam,"fresh fish, seafood, vegetables, pepper, pounded yam",Fisherman Soup served with pounded yam; portion size should be moderated for calorie and carbohydrate control.,Moderate,combo,South-South,medium,expensive,690,40,17,93,8,3,860,False,,,False,False
NGV2_0191,Fisherman Soup with Semovita,"fresh fish, seafood, vegetables, pepper, semovita",Fisherman Soup served with semovita; portion size should be moderated for calorie and carbohydrate control.,Moderate,combo,South-South,medium,expensive,660,44,17,80,7,3,860,False,,,False,False
NGV2_0192,Fisherman Soup with Wheat Swallow,"fresh fish, seafood, vegetables, pepper, wheat swallow",Fisherman Soup served with wheat swallow; portion size should be moderated for calorie and carbohydrate control.,Moderate,combo,South-South,medium,expensive,640,46,18,72,12,3,855,False,,,False,False
NGV2_0193,Editan Soup,"editan leaves, fish, meat, palm oil",Editan Soup is a Nigerian soup commonly eaten in South-South or urban restaurants.,FBDG-friendly,soup,South-South,medium,moderate,320,24,19,12,7,2,760,False,,,False,False
NGV2_0194,Editan Soup with Eba,"editan leaves, fish, meat, palm oil, eba",Editan Soup served with eba; portion size should be moderated for calorie and carbohydrate control.,Moderate,combo,South-South,medium,moderate,650,26,20,92,11,3,800,False,,,False,False
NGV2_0195,Editan Soup with Amala,"editan leaves, fish, meat, palm oil, amala",Editan Soup served with amala; portion size should be moderated for calorie and carbohydrate control.,Moderate,combo,South-South,medium,moderate,640,29,20,84,12,3,820,False,,,False,False
NGV2_0196,Editan Soup with Pounded Yam,"editan leaves, fish, meat, palm oil, pounded yam",Editan Soup served with pounded yam; portion size should be moderated for calorie and carbohydrate control.,Moderate,combo,South-South,medium,moderate,680,29,20,95,11,3,830,False,,,False,False
NGV2_0197,Editan Soup with Semovita,"editan leaves, fish, meat, palm oil, semovita",Editan Soup served with semovita; portion size should be moderated for calorie and carbohydrate control.,Moderate,combo,South-South,medium,moderate,650,33,20,82,10,3,830,False,,,False,False
NGV2_0198,Editan Soup with Wheat Swallow,"editan leaves, fish, meat, palm oil, wheat swallow",Editan Soup served with wheat swallow; portion size should be moderated for calorie and carbohydrate control.,Moderate,combo,South-South,medium,moderate,630,35,21,74,15,3,825,False,,,False,False
NGV2_0199,Ekpang Nkukwo,"cocoyam, cocoyam leaves, fish, periwinkle",Ekpang Nkukwo is a Nigerian main dish commonly eaten in South-South or urban restaurants.,Moderate,main_dish,South-South,medium,moderate,440,22,18,52,8,3,790,False,,,False,False
NGV2_0200,Ekpang Nkukwo with Grilled Chicken,"cocoyam, cocoyam leaves, fish, periwinkle, chicken",A protein-enriched version of Ekpang Nkukwo.,Limit,combo,South-South,medium,moderate,605,53,25,52,8,3,1010,False,,,False,True
NGV2_0201,Ekpang Nkukwo with Fish,"cocoyam, cocoyam leaves, fish, periwinkle, fish",A protein-enriched version of Ekpang Nkukwo.,Moderate,combo,South-South,medium,moderate,580,48,23,52,8,3,970,False,,,False,True
NGV2_0202,Ekpang Nkukwo with Turkey,"cocoyam, cocoyam leaves, fish, periwinkle, turkey",A protein-enriched version of Ekpang Nkukwo.,Limit,combo,South-South,medium,moderate,610,52,26,52,8,3,1050,False,,,False,True
NGV2_0203,Ekpang Nkukwo with Beef,"cocoyam, cocoyam leaves, fish, periwinkle, beef",A protein-enriched version of Ekpang Nkukwo.,Limit,combo,South-South,medium,moderate,650,50,30,52,8,3,1090,False,,,False,True
NGV2_0204,Owo Soup,"palm oil, potash, fish, meat",Owo Soup is a Nigerian soup commonly eaten in South-South or urban restaurants.,Moderate,soup,South-South,medium,moderate,360,23,25,10,3,2,880,False,,,False,False
NGV2_0205,Owo Soup with Eba,"palm oil, potash, fish, meat, eba",Owo Soup served with eba; portion size should be moderated for calorie and carbohydrate control.,Moderate,combo,South-South,medium,moderate,690,25,26,90,7,3,920,False,,,False,True
NGV2_0206,Owo Soup with Amala,"palm oil, potash, fish, meat, amala",Owo Soup served with amala; portion size should be moderated for calorie and carbohydrate control.,Moderate,combo,South-South,medium,moderate,680,28,26,82,8,3,940,False,,,False,True
NGV2_0207,Owo Soup with Pounded Yam,"palm oil, potash, fish, meat, pounded yam",Owo Soup served with pounded yam; portion size should be moderated for calorie and carbohydrate control.,Limit,combo,South-South,medium,moderate,720,28,26,93,7,3,950,False,,,False,True
NGV2_0208,Owo Soup with Semovita,"palm oil, potash, fish, meat, semovita",Owo Soup served with semovita; portion size should be moderated for calorie and carbohydrate control.,Moderate,combo,South-South,medium,moderate,690,32,26,80,6,3,950,False,,,False,True
NGV2_0209,Owo Soup with Wheat Swallow,"palm oil, potash, fish, meat, wheat swallow",Owo Soup served with wheat swallow; portion size should be moderated for calorie and carbohydrate control.,Moderate,combo,South-South,medium,moderate,670,34,27,72,11,3,945,False,,,False,True
NGV2_0210,Bole,"roasted plantain, groundnut or fish",Bole is a Nigerian main dish commonly eaten in South-South or urban restaurants.,Limit,main_dish,South-South,mild,inexpensive,390,12,10,68,6,18,260,False,,,True,False
NGV2_0211,Bole with Grilled Chicken,"roasted plantain, groundnut or fish, chicken",A protein-enriched version of Bole.,Limit,combo,South-South,mild,inexpensive,555,43,17,68,6,18,480,False,,,True,False
NGV2_0212,Bole with Fish,"roasted plantain, groundnut or fish, fish",A protein-enriched version of Bole.,Limit,combo,South-South,mild,inexpensive,530,38,15,68,6,18,440,False,,,True,False
NGV2_0213,Bole with Turkey,"roasted plantain, groundnut or fish, turkey",A protein-enriched version of Bole.,Limit,combo,South-South,mild,inexpensive,560,42,18,68,6,18,520,False,,,True,False
NGV2_0214,Bole with Beef,"roasted plantain, groundnut or fish, beef",A protein-enriched version of Bole.,Limit,combo,South-South,mild,inexpensive,600,40,22,68,6,18,560,False,,,True,False
NGV2_0215,Groundnut Soup,"groundnut, vegetables, meat, fish",Groundnut Soup is a Nigerian soup commonly eaten in Middle Belt or urban restaurants.,Moderate,soup,Middle Belt,medium,moderate,390,24,25,16,6,4,780,False,,,False,False
NGV2_0216,Groundnut Soup with Eba,"groundnut, vegetables, meat, fish, eba",Groundnut Soup served with eba; portion size should be moderated for calorie and carbohydrate control.,Limit,combo,Middle Belt,medium,moderate,720,26,26,96,10,5,820,False,,,False,False
NGV2_0217,Groundnut Soup with Amala,"groundnut, vegetables, meat, fish, amala",Groundnut Soup served with amala; portion size should be moderated for calorie and carbohydrate control.,Limit,combo,Middle Belt,medium,moderate,710,29,26,88,11,5,840,False,,,False,False
NGV2_0218,Groundnut Soup with Pounded Yam,"groundnut, vegetables, meat, fish, pounded yam",Groundnut Soup served with pounded yam; portion size should be moderated for calorie and carbohydrate control.,Limit,combo,Middle Belt,medium,moderate,750,29,26,99,10,5,850,False,,,False,False
NGV2_0219,Groundnut Soup with Semovita,"groundnut, vegetables, meat, fish, semovita",Groundnut Soup served with semovita; portion size should be moderated for calorie and carbohydrate control.,Limit,combo,Middle Belt,medium,moderate,720,33,26,86,9,5,850,False,,,False,False
NGV2_0220,Groundnut Soup with Wheat Swallow,"groundnut, vegetables, meat, fish, wheat swallow",Groundnut Soup served with wheat swallow; portion size should be moderated for calorie and carbohydrate control.,Moderate,combo,Middle Belt,medium,moderate,700,35,27,78,14,5,845,False,,,False,False
NGV2_0221,Okoho Soup,"okoho stem, sesame, fish, meat",Okoho Soup is a Nigerian soup commonly eaten in Middle Belt or urban restaurants.,FBDG-friendly,soup,Middle Belt,mild,moderate,270,20,12,18,5,2,650,False,,,False,False
NGV2_0222,Okoho Soup with Eba,"okoho stem, sesame, fish, meat, eba",Okoho Soup served with eba; portion size should be moderated for calorie and carbohydrate control.,Moderate,combo,Middle Belt,mild,moderate,600,22,13,98,9,3,690,False,,,False,False
NGV2_0223,Okoho Soup with Amala,"okoho stem, sesame, fish, meat, amala",Okoho Soup served with amala; portion size should be moderated for calorie and carbohydrate control.,Moderate,combo,Middle Belt,mild,moderate,590,25,13,90,10,3,710,False,,,False,False
NGV2_0224,Okoho Soup with Pounded Yam,"okoho stem, sesame, fish, meat, pounded yam",Okoho Soup served with pounded yam; portion size should be moderated for calorie and carbohydrate control.,Moderate,combo,Middle Belt,mild,moderate,630,25,13,101,9,3,720,False,,,False,False
NGV2_0225,Okoho Soup with Semovita,"okoho stem, sesame, fish, meat, semovita",Okoho Soup served with semovita; portion size should be moderated for calorie and carbohydrate control.,Moderate,combo,Middle Belt,mild,moderate,600,29,13,88,8,3,720,False,,,False,False
NGV2_0226,Okoho Soup with Wheat Swallow,"okoho stem, sesame, fish, meat, wheat swallow",Okoho Soup served with wheat swallow; portion size should be moderated for calorie and carbohydrate control.,Moderate,combo,Middle Belt,mild,moderate,580,31,14,80,13,3,715,False,,,False,False
NGV2_0227,Acha Porridge,"fonio, vegetables, pepper",Acha Porridge is a Nigerian main dish commonly eaten in Middle Belt or urban restaurants.,Moderate,main_dish,Middle Belt,mild,moderate,330,10,7,59,6,3,430,False,,,False,False
NGV2_0228,Acha Porridge with Grilled Chicken,"fonio, vegetables, pepper, chicken",A protein-enriched version of Acha Porridge.,Moderate,combo,Middle Belt,mild,moderate,495,41,14,59,6,3,650,False,,,False,False
NGV2_0229,Acha Porridge with Fish,"fonio, vegetables, pepper, fish",A protein-enriched version of Acha Porridge.,Moderate,combo,Middle Belt,mild,moderate,470,36,12,59,6,3,610,False,,,False,False
NGV2_0230,Acha Porridge with Turkey,"fonio, vegetables, pepper, turkey",A protein-enriched version of Acha Porridge.,Moderate,combo,Middle Belt,mild,moderate,500,40,15,59,6,3,690,False,,,False,False
NGV2_0231,Acha Porridge with Beef,"fonio, vegetables, pepper, beef",A protein-enriched version of Acha Porridge.,Moderate,combo,Middle Belt,mild,moderate,540,38,19,59,6,3,730,False,,,False,False
NGV2_0232,Jollof Rice,"rice, tomatoes, pepper, onion, oil",Jollof Rice is a Nigerian main dish commonly eaten in Nationwide or urban restaurants.,Limit,main_dish,Nationwide,medium,moderate,520,12,16,82,4,5,760,False,,,True,False
NGV2_0233,Jollof Rice with Grilled Chicken,"rice, tomatoes, pepper, onion, oil, chicken",A protein-enriched version of Jollof Rice.,Limit,combo,Nationwide,medium,moderate,685,43,23,82,4,5,980,False,,,True,True
NGV2_0234,Jollof Rice with Fish,"rice, tomatoes, pepper, onion, oil, fish",A protein-enriched version of Jollof Rice.,Limit,combo,Nationwide,medium,moderate,660,38,21,82,4,5,940,False,,,True,True
NGV2_0235,Jollof Rice with Turkey,"rice, tomatoes, pepper, onion, oil, turkey",A protein-enriched version of Jollof Rice.,Limit,combo,Nationwide,medium,moderate,690,42,24,82,4,5,1020,False,,,True,True
NGV2_0236,Jollof Rice with Beef,"rice, tomatoes, pepper, onion, oil, beef",A protein-enriched version of Jollof Rice.,Limit,combo,Nationwide,medium,moderate,730,40,28,82,4,5,1060,False,,,True,True
NGV2_0237,Fried Rice,"rice, vegetables, oil, liver or chicken",Fried Rice is a Nigerian main dish commonly eaten in Nationwide or urban restaurants.,Limit,main_dish,Nationwide,mild,moderate,540,16,18,78,5,4,820,False,,,True,False
NGV2_0238,Fried Rice with Grilled Chicken,"rice, vegetables, oil, liver or chicken, chicken",A protein-enriched version of Fried Rice.,Limit,combo,Nationwide,mild,moderate,705,47,25,78,5,4,1040,False,,,True,True
NGV2_0239,Fried Rice with Fish,"rice, vegetables, oil, liver or chicken, fish",A protein-enriched version of Fried Rice.,Limit,combo,Nationwide,mild,moderate,680,42,23,78,5,4,1000,False,,,True,True
NGV2_0240,Fried Rice with Turkey,"rice, vegetables, oil, liver or chicken, turkey",A protein-enriched version of Fried Rice.,Limit,combo,Nationwide,mild,moderate,710,46,26,78,5,4,1080,False,,,True,True
NGV2_0241,Fried Rice with Beef,"rice, vegetables, oil, liver or chicken, beef",A protein-enriched version of Fried Rice.,Limit,combo,Nationwide,mild,moderate,750,44,30,78,5,4,1120,False,,,True,True
NGV2_0242,Coconut Rice,"rice, coconut milk, vegetables, pepper",Coconut Rice is a Nigerian main dish commonly eaten in Nationwide or urban restaurants.,Moderate,main_dish,Nationwide,mild,moderate,560,12,22,80,5,5,640,False,,,True,False
NGV2_0243,Coconut Rice with Grilled Chicken,"rice, coconut milk, vegetables, pepper, chicken",A protein-enriched version of Coconut Rice.,Limit,combo,Nationwide,mild,moderate,725,43,29,80,5,5,860,False,,,True,False
NGV2_0244,Coconut Rice with Fish,"rice, coconut milk, vegetables, pepper, fish",A protein-enriched version of Coconut Rice.,Moderate,combo,Nationwide,mild,moderate,700,38,27,80,5,5,820,False,,,True,False
NGV2_0245,Coconut Rice with Turkey,"rice, coconut milk, vegetables, pepper, turkey",A protein-enriched version of Coconut Rice.,Limit,combo,Nationwide,mild,moderate,730,42,30,80,5,5,900,False,,,True,False
NGV2_0246,Coconut Rice with Beef,"rice, coconut milk, vegetables, pepper, beef",A protein-enriched version of Coconut Rice.,Limit,combo,Nationwide,mild,moderate,770,40,34,80,5,5,940,False,,,True,True
NGV2_0247,White Rice and Stew,"rice, tomato stew, oil, pepper",White Rice and Stew is a Nigerian main dish commonly eaten in Nationwide or urban restaurants.,Limit,main_dish,Nationwide,medium,inexpensive,590,13,18,92,3,5,830,False,,,True,False
NGV2_0248,White Rice and Stew with Grilled Chicken,"rice, tomato stew, oil, pepper, chicken",A protein-enriched version of White Rice and Stew.,Limit,combo,Nationwide,medium,inexpensive,755,44,25,92,3,5,1050,False,,,True,True
NGV2_0249,White Rice and Stew with Fish,"rice, tomato stew, oil, pepper, fish",A protein-enriched version of White Rice and Stew.,Limit,combo,Nationwide,medium,inexpensive,730,39,23,92,3,5,1010,False,,,True,True
NGV2_0250,White Rice and Stew with Turkey,"rice, tomato stew, oil, pepper, turkey",A protein-enriched version of White Rice and Stew.,Limit,combo,Nationwide,medium,inexpensive,760,43,26,92,3,5,1090,False,,,True,True
NGV2_0251,White Rice and Stew with Beef,"rice, tomato stew, oil, pepper, beef",A protein-enriched version of White Rice and Stew.,Limit,combo,Nationwide,medium,inexpensive,800,41,30,92,3,5,1130,False,,,True,True
NGV2_0252,Beans Porridge,"beans, palm oil, pepper, onion",Beans Porridge is a Nigerian main dish commonly eaten in Nationwide or urban restaurants.,Moderate,main_dish,Nationwide,medium,inexpensive,430,21,13,58,14,5,580,False,,,False,False
NGV2_0253,Beans Porridge with Grilled Chicken,"beans, palm oil, pepper, onion, chicken",A protein-enriched version of Beans Porridge.,Moderate,combo,Nationwide,medium,inexpensive,595,52,20,58,14,5,800,False,,,False,False
NGV2_0254,Beans Porridge with Fish,"beans, palm oil, pepper, onion, fish",A protein-enriched version of Beans Porridge.,Moderate,combo,Nationwide,medium,inexpensive,570,47,18,58,14,5,760,False,,,False,False
NGV2_0255,Beans Porridge with Turkey,"beans, palm oil, pepper, onion, turkey",A protein-enriched version of Beans Porridge.,Moderate,combo,Nationwide,medium,inexpensive,600,51,21,58,14,5,840,False,,,False,False
NGV2_0256,Beans Porridge with Beef,"beans, palm oil, pepper, onion, beef",A protein-enriched version of Beans Porridge.,Moderate,combo,Nationwide,medium,inexpensive,640,49,25,58,14,5,880,False,,,False,False
NGV2_0257,Yam Porridge,"yam, pepper, palm oil, fish",Yam Porridge is a Nigerian main dish commonly eaten in Nationwide or urban restaurants.,Moderate,main_dish,Nationwide,medium,inexpensive,450,13,14,70,6,4,690,False,,,False,False
NGV2_0258,Yam Porridge with Grilled Chicken,"yam, pepper, palm oil, fish, chicken",A protein-enriched version of Yam Porridge.,Moderate,combo,Nationwide,medium,inexpensive,615,44,21,70,6,4,910,False,,,False,True
NGV2_0259,Yam Porridge with Fish,"yam, pepper, palm oil, fish, fish",A protein-enriched version of Yam Porridge.,Moderate,combo,Nationwide,medium,inexpensive,590,39,19,70,6,4,870,False,,,False,False
NGV2_0260,Yam Porridge with Turkey,"yam, pepper, palm oil, fish, turkey",A protein-enriched version of Yam Porridge.,Moderate,combo,Nationwide,medium,inexpensive,620,43,22,70,6,4,950,False,,,False,True
NGV2_0261,Yam Porridge with Beef,"yam, pepper, palm oil, fish, beef",A protein-enriched version of Yam Porridge.,Moderate,combo,Nationwide,medium,inexpensive,660,41,26,70,6,4,990,False,,,False,True
NGV2_0262,Plantain Porridge,"unripe plantain, vegetables, fish, pepper",Plantain Porridge is a Nigerian main dish commonly eaten in Nationwide or urban restaurants.,Moderate,main_dish,Nationwide,medium,moderate,390,16,12,58,7,14,610,False,,,False,False
NGV2_0263,Plantain Porridge with Grilled Chicken,"unripe plantain, vegetables, fish, pepper, chicken",A protein-enriched version of Plantain Porridge.,Moderate,combo,Nationwide,medium,moderate,555,47,19,58,7,14,830,False,,,False,False
NGV2_0264,Plantain Porridge with Fish,"unripe plantain, vegetables, fish, pepper, fish",A protein-enriched version of Plantain Porridge.,Moderate,combo,Nationwide,medium,moderate,530,42,17,58,7,14,790,False,,,False,False
NGV2_0265,Plantain Porridge with Turkey,"unripe plantain, vegetables, fish, pepper, turkey",A protein-enriched version of Plantain Porridge.,Moderate,combo,Nationwide,medium,moderate,560,46,20,58,7,14,870,False,,,False,False
NGV2_0266,Plantain Porridge with Beef,"unripe plantain, vegetables, fish, pepper, beef",A protein-enriched version of Plantain Porridge.,Moderate,combo,Nationwide,medium,moderate,600,44,24,58,7,14,910,False,,,False,True
NGV2_0267,Boiled Yam,yam,Boiled Yam is a Nigerian side commonly eaten in Nationwide or urban restaurants.,FBDG-friendly,side,Nationwide,mild,inexpensive,320,5,1,74,4,1,45,False,,,False,False
NGV2_0268,Boiled Yam with Grilled Chicken,"yam, chicken",A protein-enriched version of Boiled Yam.,Moderate,main_dish,Nationwide,mild,inexpensive,485,36,8,74,4,1,265,False,,,False,False
NGV2_0269,Boiled Yam with Fish,"yam, fish",A protein-enriched version of Boiled Yam.,Moderate,main_dish,Nationwide,mild,inexpensive,460,31,6,74,4,1,225,False,,,False,False
NGV2_0270,Boiled Yam with Turkey,"yam, turkey",A protein-enriched version of Boiled Yam.,Moderate,main_dish,Nationwide,mild,inexpensive,490,35,9,74,4,1,305,False,,,False,False
NGV2_0271,Boiled Yam with Beef,"yam, beef",A protein-enriched version of Boiled Yam.,Moderate,main_dish,Nationwide,mild,inexpensive,530,33,13,74,4,1,345,False,,,False,False
NGV2_0272,Boiled Plantain,plantain,Boiled Plantain is a Nigerian side commonly eaten in Nationwide or urban restaurants.,Limit,side,Nationwide,mild,inexpensive,280,3,1,67,5,20,15,False,,,True,False
NGV2_0273,Boiled Plantain with Grilled Chicken,"plantain, chicken",A protein-enriched version of Boiled Plantain.,Limit,main_dish,Nationwide,mild,inexpensive,445,34,8,67,5,20,235,False,,,True,False
NGV2_0274,Boiled Plantain with Fish,"plantain, fish",A protein-enriched version of Boiled Plantain.,Limit,main_dish,Nationwide,mild,inexpensive,420,29,6,67,5,20,195,False,,,True,False
NGV2_0275,Boiled Plantain with Turkey,"plantain, turkey",A protein-enriched version of Boiled Plantain.,Limit,main_dish,Nationwide,mild,inexpensive,450,33,9,67,5,20,275,False,,,True,False
NGV2_0276,Boiled Plantain with Beef,"plantain, beef",A protein-enriched version of Boiled Plantain.,Limit,main_dish,Nationwide,mild,inexpensive,490,31,13,67,5,20,315,False,,,True,False
NGV2_0277,Fried Plantain,"plantain, vegetable oil",Fried Plantain is a Nigerian side commonly eaten in Nationwide or urban restaurants.,Limit,side,Nationwide,mild,inexpensive,360,3,14,58,4,22,90,False,,,True,False
NGV2_0278,Fried Plantain with Grilled Chicken,"plantain, vegetable oil, chicken",A protein-enriched version of Fried Plantain.,Limit,main_dish,Nationwide,mild,inexpensive,525,34,21,58,4,22,310,False,,,True,False
NGV2_0279,Fried Plantain with Fish,"plantain, vegetable oil, fish",A protein-enriched version of Fried Plantain.,Limit,main_dish,Nationwide,mild,inexpensive,500,29,19,58,4,22,270,False,,,True,False
NGV2_0280,Fried Plantain with Turkey,"plantain, vegetable oil, turkey",A protein-enriched version of Fried Plantain.,Limit,main_dish,Nationwide,mild,inexpensive,530,33,22,58,4,22,350,False,,,True,False
NGV2_0281,Fried Plantain with Beef,"plantain, vegetable oil, beef",A protein-enriched version of Fried Plantain.,Limit,main_dish,Nationwide,mild,inexpensive,570,31,26,58,4,22,390,False,,,True,False
NGV2_0282,Garri,cassava flakes,Garri is a Nigerian swallow commonly eaten in Nationwide or urban restaurants.,Moderate,swallow,Nationwide,mild,inexpensive,330,2,1,80,4,1,30,False,,,False,False
NGV2_0283,Garri with Grilled Chicken,"cassava flakes, chicken",A protein-enriched version of Garri.,Moderate,combo,Nationwide,mild,inexpensive,495,33,8,80,4,1,250,False,,,False,False
NGV2_0284,Garri with Fish,"cassava flakes, fish",A protein-enriched version of Garri.,Moderate,combo,Nationwide,mild,inexpensive,470,28,6,80,4,1,210,False,,,False,False
NGV2_0285,Garri with Turkey,"cassava flakes, turkey",A protein-enriched version of Garri.,Moderate,combo,Nationwide,mild,inexpensive,500,32,9,80,4,1,290,False,,,False,False
NGV2_0286,Garri with Beef,"cassava flakes, beef",A protein-enriched version of Garri.,Moderate,combo,Nationwide,mild,inexpensive,540,30,13,80,4,1,330,False,,,False,False
NGV2_0287,Eba,"garri, water",Eba is a Nigerian swallow commonly eaten in Nationwide or urban restaurants.,Limit,swallow,Nationwide,mild,inexpensive,340,2,1,82,4,1,35,False,,,True,False
NGV2_0288,Eba with Grilled Chicken,"garri, water, chicken",A protein-enriched version of Eba.,Limit,combo,Nationwide,mild,inexpensive,505,33,8,82,4,1,255,False,,,True,False
NGV2_0289,Eba with Fish,"garri, water, fish",A protein-enriched version of Eba.,Limit,combo,Nationwide,mild,inexpensive,480,28,6,82,4,1,215,False,,,True,False
NGV2_0290,Eba with Turkey,"garri, water, turkey",A protein-enriched version of Eba.,Limit,combo,Nationwide,mild,inexpensive,510,32,9,82,4,1,295,False,,,True,False
NGV2_0291,Eba with Beef,"garri, water, beef",A protein-enriched version of Eba.,Limit,combo,Nationwide,mild,inexpensive,550,30,13,82,4,1,335,False,,,True,False
NGV2_0292,Semovita,wheat semolina,Semovita is a Nigerian swallow commonly eaten in Nationwide or urban restaurants.,Moderate,swallow,Nationwide,mild,inexpensive,330,9,1,70,3,1,70,False,,,False,False
NGV2_0293,Semovita with Grilled Chicken,"wheat semolina, chicken",A protein-enriched version of Semovita.,Moderate,combo,Nationwide,mild,inexpensive,495,40,8,70,3,1,290,False,,,False,False
NGV2_0294,Semovita with Fish,"wheat semolina, fish",A protein-enriched version of Semovita.,Moderate,combo,Nationwide,mild,inexpensive,470,35,6,70,3,1,250,False,,,False,False
NGV2_0295,Semovita with Turkey,"wheat semolina, turkey",A protein-enriched version of Semovita.,Moderate,combo,Nationwide,mild,inexpensive,500,39,9,70,3,1,330,False,,,False,False
NGV2_0296,Semovita with Beef,"wheat semolina, beef",A protein-enriched version of Semovita.,Moderate,combo,Nationwide,mild,inexpensive,540,37,13,70,3,1,370,False,,,False,False
NGV2_0297,Wheat Swallow,"whole wheat flour, water",Wheat Swallow is a Nigerian swallow commonly eaten in Nationwide or urban restaurants.,Moderate,swallow,Nationwide,mild,moderate,310,11,2,62,8,1,65,False,,,False,False
NGV2_0298,Wheat Swallow with Grilled Chicken,"whole wheat flour, water, chicken",A protein-enriched version of Wheat Swallow.,Moderate,combo,Nationwide,mild,moderate,475,42,9,62,8,1,285,False,,,False,False
NGV2_0299,Wheat Swallow with Fish,"whole wheat flour, water, fish",A protein-enriched version of Wheat Swallow.,Moderate,combo,Nationwide,mild,moderate,450,37,7,62,8,1,245,False,,,False,False
NGV2_0300,Wheat Swallow with Turkey,"whole wheat flour, water, turkey",A protein-enriched version of Wheat Swallow.,Moderate,combo,Nationwide,mild,moderate,480,41,10,62,8,1,325,False,,,False,False
NGV2_0301,Wheat Swallow with Beef,"whole wheat flour, water, beef",A protein-enriched version of Wheat Swallow.,Moderate,combo,Nationwide,mild,moderate,520,39,14,62,8,1,365,False,,,False,False
NGV2_0302,Egusi Soup,"melon seed, vegetables, fish, meat, palm oil",Egusi Soup is a Nigerian soup commonly eaten in Nationwide or urban restaurants.,Limit,soup,Nationwide,medium,moderate,430,25,32,13,5,2,820,False,,,False,False
NGV2_0303,Egusi Soup with Eba,"melon seed, vegetables, fish, meat, palm oil, eba",Egusi Soup served with eba; portion size should be moderated for calorie and carbohydrate control.,Limit,combo,Nationwide,medium,moderate,760,27,33,93,9,3,860,False,,,False,False
NGV2_0304,Egusi Soup with Amala,"melon seed, vegetables, fish, meat, palm oil, amala",Egusi Soup served with amala; portion size should be moderated for calorie and carbohydrate control.,Limit,combo,Nationwide,medium,moderate,750,30,33,85,10,3,880,False,,,False,False
NGV2_0305,Egusi Soup with Pounded Yam,"melon seed, vegetables, fish, meat, palm oil, pounded yam",Egusi Soup served with pounded yam; portion size should be moderated for calorie and carbohydrate control.,Limit,combo,Nationwide,medium,moderate,790,30,33,96,9,3,890,False,,,False,False
NGV2_0306,Egusi Soup with Semovita,"melon seed, vegetables, fish, meat, palm oil, semovita",Egusi Soup served with semovita; portion size should be moderated for calorie and carbohydrate control.,Limit,combo,Nationwide,medium,moderate,760,34,33,83,8,3,890,False,,,False,False
NGV2_0307,Egusi Soup with Wheat Swallow,"melon seed, vegetables, fish, meat, palm oil, wheat swallow",Egusi Soup served with wheat swallow; portion size should be moderated for calorie and carbohydrate control.,Limit,combo,Nationwide,medium,moderate,740,36,34,75,13,3,885,False,,,False,False
NGV2_0308,Okra Soup,"okra, fish, meat, pepper",Okra Soup is a Nigerian soup commonly eaten in Nationwide or urban restaurants.,FBDG-friendly,soup,Nationwide,medium,moderate,250,19,13,14,6,3,680,False,,,False,False
NGV2_0309,Okra Soup with Eba,"okra, fish, meat, pepper, eba",Okra Soup served with eba; portion size should be moderated for calorie and carbohydrate control.,Moderate,combo,Nationwide,medium,moderate,580,21,14,94,10,4,720,False,,,False,False
NGV2_0310,Okra Soup with Amala,"okra, fish, meat, pepper, amala",Okra Soup served with amala; portion size should be moderated for calorie and carbohydrate control.,Moderate,combo,Nationwide,medium,moderate,570,24,14,86,11,4,740,False,,,False,False
NGV2_0311,Okra Soup with Pounded Yam,"okra, fish, meat, pepper, pounded yam",Okra Soup served with pounded yam; portion size should be moderated for calorie and carbohydrate control.,Moderate,combo,Nationwide,medium,moderate,610,24,14,97,10,4,750,False,,,False,False
NGV2_0312,Okra Soup with Semovita,"okra, fish, meat, pepper, semovita",Okra Soup served with semovita; portion size should be moderated for calorie and carbohydrate control.,Moderate,combo,Nationwide,medium,moderate,580,28,14,84,9,4,750,False,,,False,False
NGV2_0313,Okra Soup with Wheat Swallow,"okra, fish, meat, pepper, wheat swallow",Okra Soup served with wheat swallow; portion size should be moderated for calorie and carbohydrate control.,Moderate,combo,Nationwide,medium,moderate,560,30,15,76,14,4,745,False,,,False,False
NGV2_0314,Ogbono Soup,"ogbono seed, fish, meat, palm oil",Ogbono Soup is a Nigerian soup commonly eaten in Nationwide or urban restaurants.,Moderate,soup,Nationwide,medium,moderate,380,22,27,12,5,2,780,False,,,False,False
NGV2_0315,Ogbono Soup with Eba,"ogbono seed, fish, meat, palm oil, eba",Ogbono Soup served with eba; portion size should be moderated for calorie and carbohydrate control.,Limit,combo,Nationwide,medium,moderate,710,24,28,92,9,3,820,False,,,False,False
NGV2_0316,Ogbono Soup with Amala,"ogbono seed, fish, meat, palm oil, amala",Ogbono Soup served with amala; portion size should be moderated for calorie and carbohydrate control.,Moderate,combo,Nationwide,medium,moderate,700,27,28,84,10,3,840,False,,,False,False
NGV2_0317,Ogbono Soup with Pounded Yam,"ogbono seed, fish, meat, palm oil, pounded yam",Ogbono Soup served with pounded yam; portion size should be moderated for calorie and carbohydrate control.,Limit,combo,Nationwide,medium,moderate,740,27,28,95,9,3,850,False,,,False,False
NGV2_0318,Ogbono Soup with Semovita,"ogbono seed, fish, meat, palm oil, semovita",Ogbono Soup served with semovita; portion size should be moderated for calorie and carbohydrate control.,Limit,combo,Nationwide,medium,moderate,710,31,28,82,8,3,850,False,,,False,False
NGV2_0319,Ogbono Soup with Wheat Swallow,"ogbono seed, fish, meat, palm oil, wheat swallow",Ogbono Soup served with wheat swallow; portion size should be moderated for calorie and carbohydrate control.,Limit,combo,Nationwide,medium,moderate,690,33,29,74,13,3,845,False,,,False,False
NGV2_0320,Vegetable Soup,"leafy vegetables, fish, meat, pepper",Vegetable Soup is a Nigerian soup commonly eaten in Nationwide or urban restaurants.,FBDG-friendly,soup,Nationwide,medium,moderate,260,22,14,10,7,2,640,False,,,False,False
NGV2_0321,Vegetable Soup with Eba,"leafy vegetables, fish, meat, pepper, eba",Vegetable Soup served with eba; portion size should be moderated for calorie and carbohydrate control.,Moderate,combo,Nationwide,medium,moderate,590,24,15,90,11,3,680,False,,,False,False
NGV2_0322,Vegetable Soup with Amala,"leafy vegetables, fish, meat, pepper, amala",Vegetable Soup served with amala; portion size should be moderated for calorie and carbohydrate control.,Moderate,combo,Nationwide,medium,moderate,580,27,15,82,12,3,700,False,,,False,False
NGV2_0323,Vegetable Soup with Pounded Yam,"leafy vegetables, fish, meat, pepper, pounded yam",Vegetable Soup served with pounded yam; portion size should be moderated for calorie and carbohydrate control.,Moderate,combo,Nationwide,medium,moderate,620,27,15,93,11,3,710,False,,,False,False
NGV2_0324,Vegetable Soup with Semovita,"leafy vegetables, fish, meat, pepper, semovita",Vegetable Soup served with semovita; portion size should be moderated for calorie and carbohydrate control.,Moderate,combo,Nationwide,medium,moderate,590,31,15,80,10,3,710,False,,,False,False
NGV2_0325,Vegetable Soup with Wheat Swallow,"leafy vegetables, fish, meat, pepper, wheat swallow",Vegetable Soup served with wheat swallow; portion size should be moderated for calorie and carbohydrate control.,Moderate,combo,Nationwide,medium,moderate,570,33,16,72,15,3,705,False,,,False,False
NGV2_0326,Pepper Soup,"fish or meat, pepper, spices",Pepper Soup is a Nigerian soup commonly eaten in Nationwide or urban restaurants.,Moderate,soup,Nationwide,hot,moderate,220,28,10,5,1,1,980,False,,,False,True
NGV2_0327,Pepper Soup with Eba,"fish or meat, pepper, spices, eba",Pepper Soup served with eba; portion size should be moderated for calorie and carbohydrate control.,Limit,combo,Nationwide,hot,moderate,550,30,11,85,5,2,1020,False,,,True,True
NGV2_0328,Pepper Soup with Amala,"fish or meat, pepper, spices, amala",Pepper Soup served with amala; portion size should be moderated for calorie and carbohydrate control.,Limit,combo,Nationwide,hot,moderate,540,33,11,77,6,2,1040,False,,,False,True
NGV2_0329,Pepper Soup with Pounded Yam,"fish or meat, pepper, spices, pounded yam",Pepper Soup served with pounded yam; portion size should be moderated for calorie and carbohydrate control.,Limit,combo,Nationwide,hot,moderate,580,33,11,88,5,2,1050,False,,,True,True
NGV2_0330,Pepper Soup with Semovita,"fish or meat, pepper, spices, semovita",Pepper Soup served with semovita; portion size should be moderated for calorie and carbohydrate control.,Limit,combo,Nationwide,hot,moderate,550,37,11,75,4,2,1050,False,,,False,True
NGV2_0331,Pepper Soup with Wheat Swallow,"fish or meat, pepper, spices, wheat swallow",Pepper Soup served with wheat swallow; portion size should be moderated for calorie and carbohydrate control.,Limit,combo,Nationwide,hot,moderate,530,39,12,67,9,2,1045,False,,,False,True
NGV2_0332,Catfish Pepper Soup,"catfish, pepper, scent leaf, spices",Catfish Pepper Soup is a Nigerian soup commonly eaten in Nationwide or urban restaurants.,Moderate,soup,Nationwide,hot,moderate,240,32,9,4,1,1,920,False,,,False,True
NGV2_0333,Catfish Pepper Soup with Eba,"catfish, pepper, scent leaf, spices, eba",Catfish Pepper Soup served with eba; portion size should be moderated for calorie and carbohydrate control.,Moderate,combo,Nationwide,hot,moderate,570,34,10,84,5,2,960,False,,,True,True
NGV2_0334,Catfish Pepper Soup with Amala,"catfish, pepper, scent leaf, spices, amala",Catfish Pepper Soup served with amala; portion size should be moderated for calorie and carbohydrate control.,Moderate,combo,Nationwide,hot,moderate,560,37,10,76,6,2,980,False,,,False,True
NGV2_0335,Catfish Pepper Soup with Pounded Yam,"catfish, pepper, scent leaf, spices, pounded yam",Catfish Pepper Soup served with pounded yam; portion size should be moderated for calorie and carbohydrate control.,Moderate,combo,Nationwide,hot,moderate,600,37,10,87,5,2,990,False,,,True,True
NGV2_0336,Catfish Pepper Soup with Semovita,"catfish, pepper, scent leaf, spices, semovita",Catfish Pepper Soup served with semovita; portion size should be moderated for calorie and carbohydrate control.,Moderate,combo,Nationwide,hot,moderate,570,41,10,74,4,2,990,False,,,False,True
NGV2_0337,Catfish Pepper Soup with Wheat Swallow,"catfish, pepper, scent leaf, spices, wheat swallow",Catfish Pepper Soup served with wheat swallow; portion size should be moderated for calorie and carbohydrate control.,Moderate,combo,Nationwide,hot,moderate,550,43,11,66,9,2,985,False,,,False,True
NGV2_0338,Goat Meat Pepper Soup,"goat meat, pepper, spices",Goat Meat Pepper Soup is a Nigerian soup commonly eaten in Nationwide or urban restaurants.,Limit,soup,Nationwide,hot,moderate,310,34,18,4,1,1,1050,False,,,False,True
NGV2_0339,Goat Meat Pepper Soup with Eba,"goat meat, pepper, spices, eba",Goat Meat Pepper Soup served with eba; portion size should be moderated for calorie and carbohydrate control.,Limit,combo,Nationwide,hot,moderate,640,36,19,84,5,2,1090,False,,,True,True
NGV2_0340,Goat Meat Pepper Soup with Amala,"goat meat, pepper, spices, amala",Goat Meat Pepper Soup served with amala; portion size should be moderated for calorie and carbohydrate control.,Limit,combo,Nationwide,hot,moderate,630,39,19,76,6,2,1110,False,,,False,True
NGV2_0341,Goat Meat Pepper Soup with Pounded Yam,"goat meat, pepper, spices, pounded yam",Goat Meat Pepper Soup served with pounded yam; portion size should be moderated for calorie and carbohydrate control.,Limit,combo,Nationwide,hot,moderate,670,39,19,87,5,2,1120,False,,,True,True
NGV2_0342,Goat Meat Pepper Soup with Semovita,"goat meat, pepper, spices, semovita",Goat Meat Pepper Soup served with semovita; portion size should be moderated for calorie and carbohydrate control.,Limit,combo,Nationwide,hot,moderate,640,43,19,74,4,2,1120,False,,,True,True
NGV2_0343,Goat Meat Pepper Soup with Wheat Swallow,"goat meat, pepper, spices, wheat swallow",Goat Meat Pepper Soup served with wheat swallow; portion size should be moderated for calorie and carbohydrate control.,Limit,combo,Nationwide,hot,moderate,620,45,20,66,9,2,1115,False,,,False,True
NGV2_0344,Grilled Fish,"fish, pepper, spices",Grilled Fish is a Nigerian protein commonly eaten in Nationwide or urban restaurants.,Moderate,protein,Nationwide,medium,moderate,280,35,13,3,1,1,520,False,,,False,False
NGV2_0345,Grilled Chicken,"chicken, pepper, spices",Grilled Chicken is a Nigerian protein commonly eaten in Nationwide or urban restaurants.,Moderate,protein,Nationwide,medium,moderate,320,38,16,3,1,1,620,False,,,False,False
NGV2_0346,Chicken Suya,"chicken, suya spice, groundnut",Chicken Suya is a Nigerian protein commonly eaten in Nationwide or urban restaurants.,Moderate,protein,Nationwide,hot,moderate,300,36,15,5,2,2,780,False,,,False,False
NGV2_0347,Boiled Chicken Suya,"chicken, suya spice, groundnut",boiled preparation of Chicken Suya.,Moderate,protein,Nationwide,mild,moderate,260,36,10,5,2,2,700,False,,,False,False
NGV2_0348,Grilled Chicken Suya,"chicken, suya spice, groundnut",grilled preparation of Chicken Suya.,Moderate,protein,Nationwide,medium,moderate,320,36,17,5,2,2,840,False,,,False,False
NGV2_0349,Fried Chicken Suya,"chicken, suya spice, groundnut",fried preparation of Chicken Suya.,Limit,protein,Nationwide,medium,moderate,420,36,27,5,2,2,900,False,,,False,False
NGV2_0350,Beef Suya,"beef, suya spice, groundnut",Beef Suya is a Nigerian protein commonly eaten in Nationwide or urban restaurants.,Moderate,protein,Nationwide,hot,inexpensive,340,34,21,5,2,2,890,False,,,False,False
NGV2_0351,Boiled Beef Suya,"beef, suya spice, groundnut",boiled preparation of Beef Suya.,Moderate,protein,Nationwide,mild,inexpensive,300,34,16,5,2,2,810,False,,,False,False
NGV2_0352,Grilled Beef Suya,"beef, suya spice, groundnut",grilled preparation of Beef Suya.,Moderate,protein,Nationwide,medium,inexpensive,360,34,23,5,2,2,950,False,,,False,True
NGV2_0353,Fried Beef Suya,"beef, suya spice, groundnut",fried preparation of Beef Suya.,Limit,protein,Nationwide,medium,inexpensive,460,34,33,5,2,2,1010,False,,,False,True
NGV2_0354,Asun,"goat meat, pepper, onion",Asun is a Nigerian protein commonly eaten in Nationwide or urban restaurants.,Moderate,protein,Nationwide,hot,moderate,410,36,27,5,2,2,920,False,,,False,True
NGV2_0355,Boiled Asun,"goat meat, pepper, onion",boiled preparation of Asun.,Moderate,protein,Nationwide,mild,moderate,370,36,22,5,2,2,840,False,,,False,False
NGV2_0356,Grilled Asun,"goat meat, pepper, onion",grilled preparation of Asun.,Limit,protein,Nationwide,medium,moderate,430,36,29,5,2,2,980,False,,,False,True
NGV2_0357,Fried Asun,"goat meat, pepper, onion",fried preparation of Asun.,Limit,protein,Nationwide,medium,moderate,530,36,39,5,2,2,1040,False,,,False,True
NGV2_0358,Shawarma,"flatbread, chicken or beef, vegetables, sauce",Shawarma is a Nigerian main dish commonly eaten in Nationwide or urban restaurants.,Limit,main_dish,Nationwide,medium,moderate,610,28,26,67,4,8,970,False,,,True,True
NGV2_0359,Chicken Burger,"bun, chicken patty, lettuce, sauce",Chicken Burger is a Nigerian main dish commonly eaten in Nationwide or urban restaurants.,Limit,main_dish,Nationwide,mild,moderate,560,27,24,58,3,8,980,False,,,True,True
NGV2_0360,Beef Burger,"bun, beef patty, lettuce, sauce",Beef Burger is a Nigerian main dish commonly eaten in Nationwide or urban restaurants.,Limit,main_dish,Nationwide,mild,moderate,620,30,32,55,3,8,1050,False,,,True,True
NGV2_0361,French Fries,"potatoes, vegetable oil, salt",French Fries is a Nigerian side commonly eaten in Nationwide or urban restaurants.,Limit,side,Nationwide,mild,moderate,430,6,20,58,5,1,520,False,,,True,False
NGV2_0362,Chicken Pizza,"pizza dough, cheese, chicken, tomato sauce",Chicken Pizza is a Nigerian main dish commonly eaten in Nationwide or urban restaurants.,Limit,main_dish,Nationwide,mild,moderate,700,34,28,78,4,8,1220,False,,,True,True
NGV2_0363,Vegetable Pizza,"pizza dough, cheese, vegetables, tomato sauce",Vegetable Pizza is a Nigerian main dish commonly eaten in Nationwide or urban restaurants.,Limit,main_dish,Nationwide,mild,moderate,620,25,22,78,6,9,1050,False,,,True,True
NGV2_0364,Nigerian Coleslaw,"cabbage, carrot, mayonnaise",Nigerian Coleslaw is a Nigerian side commonly eaten in Nationwide or urban restaurants.,FBDG-friendly,side,Nationwide,mild,inexpensive,210,3,16,14,4,7,260,False,,,False,False
NGV2_0365,Puff Puff,"flour, sugar, yeast, oil",Puff Puff is a Nigerian snack commonly eaten in Nationwide or urban restaurants.,Limit,snack,Nationwide,mild,inexpensive,360,6,16,50,2,14,260,False,,,True,False
NGV2_0366,Meat Pie,"flour, minced meat, potato, carrot, oil",Meat Pie is a Nigerian snack commonly eaten in Nationwide or urban restaurants.,Moderate,snack,Nationwide,mild,inexpensive,420,14,22,42,3,4,680,False,,,False,False
NGV2_0367,Fish Roll,"flour, fish, pepper, oil",Fish Roll is a Nigerian snack commonly eaten in Nationwide or urban restaurants.,Moderate,snack,Nationwide,medium,inexpensive,370,13,18,40,2,3,610,False,,,False,False
NGV2_0368,Chin Chin,"flour, sugar, milk, oil",Chin Chin is a Nigerian snack commonly eaten in Nationwide or urban restaurants.,Limit,snack,Nationwide,mild,inexpensive,430,7,19,58,2,18,210,False,,,True,False
NGV2_0369,Zobo,"hibiscus, ginger, cloves",Zobo is a Nigerian drink commonly eaten in Nationwide or urban restaurants.,Limit,drink,Nationwide,mild,inexpensive,90,1,0,22,1,18,20,False,,,True,False
NGV2_0370,Kunu,"millet, ginger, spices",Kunu is a Nigerian drink commonly eaten in Nationwide or urban restaurants.,Moderate,drink,Nationwide,mild,inexpensive,170,4,2,35,3,12,60,False,,,False,False
NGV2_0371,Eba and Ewedu Soup,"eba, ewedu leaves, locust beans, crayfish",Classic Nigerian swallow plate served with Ewedu Soup.,Moderate,combo,South-West,mild,inexpensive,480,10,7,95,10,3,555,False,,,False,False
NGV2_0372,Amala and Ewedu Soup,"amala, ewedu leaves, locust beans, crayfish",Classic Nigerian swallow plate served with Ewedu Soup.,Moderate,combo,South-West,mild,inexpensive,460,13,7,85,11,3,580,False,,,False,False
NGV2_0373,Pounded Yam and Ewedu Soup,"pounded yam, ewedu leaves, locust beans, crayfish",Classic Nigerian swallow plate served with Ewedu Soup.,Moderate,combo,South-West,mild,inexpensive,500,13,7,96,10,3,590,False,,,False,False
NGV2_0374,Semovita and Ewedu Soup,"semovita, ewedu leaves, locust beans, crayfish",Classic Nigerian swallow plate served with Ewedu Soup.,Moderate,combo,South-West,mild,inexpensive,470,17,7,83,9,3,590,False,,,False,False
NGV2_0375,Wheat Swallow and Ewedu Soup,"wheat swallow, ewedu leaves, locust beans, crayfish",Classic Nigerian swallow plate served with Ewedu Soup.,Moderate,combo,South-West,mild,inexpensive,450,19,8,75,14,3,585,False,,,False,False
NGV2_0376,Tuwo Shinkafa and Ewedu Soup,"tuwo shinkafa, ewedu leaves, locust beans, crayfish",Classic Nigerian swallow plate served with Ewedu Soup.,Moderate,combo,South-West,mild,inexpensive,490,14,7,91,8,3,580,False,,,False,False
NGV2_0377,Starch and Ewedu Soup,"starch, ewedu leaves, locust beans, crayfish",Classic Nigerian swallow plate served with Ewedu Soup.,Moderate,combo,South-West,mild,inexpensive,500,10,14,83,8,3,600,False,,,False,False
NGV2_0378,Eba and Gbegiri Soup,"eba, beans, palm oil, pepper, locust beans",Classic Nigerian swallow plate served with Gbegiri Soup.,Moderate,combo,South-West,medium,inexpensive,550,14,9,106,12,4,655,False,,,False,False
NGV2_0379,Amala and Gbegiri Soup,"amala, beans, palm oil, pepper, locust beans",Classic Nigerian swallow plate served with Gbegiri Soup.,Moderate,combo,South-West,medium,inexpensive,530,17,9,96,13,4,680,False,,,False,False
NGV2_0380,Pounded Yam and Gbegiri Soup,"pounded yam, beans, palm oil, pepper, locust beans",Classic Nigerian swallow plate served with Gbegiri Soup.,Moderate,combo,South-West,medium,inexpensive,570,17,9,107,12,4,690,False,,,False,False
NGV2_0381,Semovita and Gbegiri Soup,"semovita, beans, palm oil, pepper, locust beans",Classic Nigerian swallow plate served with Gbegiri Soup.,Moderate,combo,South-West,medium,inexpensive,540,21,9,94,11,4,690,False,,,False,False
NGV2_0382,Wheat Swallow and Gbegiri Soup,"wheat swallow, beans, palm oil, pepper, locust beans",Classic Nigerian swallow plate served with Gbegiri Soup.,Moderate,combo,South-West,medium,inexpensive,520,23,10,86,16,4,685,False,,,False,False
NGV2_0383,Tuwo Shinkafa and Gbegiri Soup,"tuwo shinkafa, beans, palm oil, pepper, locust beans",Classic Nigerian swallow plate served with Gbegiri Soup.,Moderate,combo,South-West,medium,inexpensive,560,18,9,102,10,4,680,False,,,False,False
NGV2_0384,Starch and Gbegiri Soup,"starch, beans, palm oil, pepper, locust beans",Classic Nigerian swallow plate served with Gbegiri Soup.,Moderate,combo,South-West,medium,inexpensive,570,14,16,94,10,4,700,False,,,False,False
NGV2_0385,Eba and Efo Riro,"eba, spinach, pepper, palm oil, fish, meat",Classic Nigerian swallow plate served with Efo Riro.,Moderate,combo,South-West,medium,moderate,630,24,19,94,9,4,795,False,,,False,False
NGV2_0386,Amala and Efo Riro,"amala, spinach, pepper, palm oil, fish, meat",Classic Nigerian swallow plate served with Efo Riro.,Moderate,combo,South-West,medium,moderate,610,27,19,84,10,4,820,False,,,False,False
NGV2_0387,Pounded Yam and Efo Riro,"pounded yam, spinach, pepper, palm oil, fish, meat",Classic Nigerian swallow plate served with Efo Riro.,Moderate,combo,South-West,medium,moderate,650,27,19,95,9,4,830,False,,,False,False
NGV2_0388,Semovita and Efo Riro,"semovita, spinach, pepper, palm oil, fish, meat",Classic Nigerian swallow plate served with Efo Riro.,Moderate,combo,South-West,medium,moderate,620,31,19,82,8,4,830,False,,,False,False
NGV2_0389,Wheat Swallow and Efo Riro,"wheat swallow, spinach, pepper, palm oil, fish, meat",Classic Nigerian swallow plate served with Efo Riro.,Moderate,combo,South-West,medium,moderate,600,33,20,74,13,4,825,False,,,False,False
NGV2_0390,Tuwo Shinkafa and Efo Riro,"tuwo shinkafa, spinach, pepper, palm oil, fish, meat",Classic Nigerian swallow plate served with Efo Riro.,Moderate,combo,South-West,medium,moderate,640,28,19,90,7,4,820,False,,,False,False
NGV2_0391,Starch and Efo Riro,"starch, spinach, pepper, palm oil, fish, meat",Classic Nigerian swallow plate served with Efo Riro.,Moderate,combo,South-West,medium,moderate,650,24,26,82,7,4,840,False,,,False,False
NGV2_0392,Eba and Oha Soup,"eba, oha leaves, cocoyam, fish, meat, palm oil",Classic Nigerian swallow plate served with Oha Soup.,Moderate,combo,South-East,medium,moderate,670,26,21,96,9,3,775,False,,,False,False
NGV2_0393,Amala and Oha Soup,"amala, oha leaves, cocoyam, fish, meat, palm oil",Classic Nigerian swallow plate served with Oha Soup.,Moderate,combo,South-East,medium,moderate,650,29,21,86,10,3,800,False,,,False,False
NGV2_0394,Pounded Yam and Oha Soup,"pounded yam, oha leaves, cocoyam, fish, meat, palm oil",Classic Nigerian swallow plate served with Oha Soup.,Moderate,combo,South-East,medium,moderate,690,29,21,97,9,3,810,False,,,False,False
NGV2_0395,Semovita and Oha Soup,"semovita, oha leaves, cocoyam, fish, meat, palm oil",Classic Nigerian swallow plate served with Oha Soup.,Moderate,combo,South-East,medium,moderate,660,33,21,84,8,3,810,False,,,False,False
NGV2_0396,Wheat Swallow and Oha Soup,"wheat swallow, oha leaves, cocoyam, fish, meat, palm oil",Classic Nigerian swallow plate served with Oha Soup.,Moderate,combo,South-East,medium,moderate,640,35,22,76,13,3,805,False,,,False,False
NGV2_0397,Tuwo Shinkafa and Oha Soup,"tuwo shinkafa, oha leaves, cocoyam, fish, meat, palm oil",Classic Nigerian swallow plate served with Oha Soup.,Moderate,combo,South-East,medium,moderate,680,30,21,92,7,3,800,False,,,False,False
NGV2_0398,Starch and Oha Soup,"starch, oha leaves, cocoyam, fish, meat, palm oil",Classic Nigerian swallow plate served with Oha Soup.,Moderate,combo,South-East,medium,moderate,690,26,28,84,7,3,820,False,,,False,False
NGV2_0399,Eba and Ofe Nsala,"eba, catfish, yam, utazi, spices",Classic Nigerian swallow plate served with Ofe Nsala.,Moderate,combo,South-East,medium,moderate,600,29,12,95,6,2,855,False,,,False,False
NGV2_0400,Amala and Ofe Nsala,"amala, catfish, yam, utazi, spices",Classic Nigerian swallow plate served with Ofe Nsala.,Moderate,combo,South-East,medium,moderate,580,32,12,85,7,2,880,False,,,False,False
NGV2_0401,Pounded Yam and Ofe Nsala,"pounded yam, catfish, yam, utazi, spices",Classic Nigerian swallow plate served with Ofe Nsala.,Moderate,combo,South-East,medium,moderate,620,32,12,96,6,2,890,False,,,False,False
NGV2_0402,Semovita and Ofe Nsala,"semovita, catfish, yam, utazi, spices",Classic Nigerian swallow plate served with Ofe Nsala.,Moderate,combo,South-East,medium,moderate,590,36,12,83,5,2,890,False,,,True,False
NGV2_0403,Wheat Swallow and Ofe Nsala,"wheat swallow, catfish, yam, utazi, spices",Classic Nigerian swallow plate served with Ofe Nsala.,Moderate,combo,South-East,medium,moderate,570,38,13,75,10,2,885,False,,,False,False
NGV2_0404,Tuwo Shinkafa and Ofe Nsala,"tuwo shinkafa, catfish, yam, utazi, spices",Classic Nigerian swallow plate served with Ofe Nsala.,Limit,combo,South-East,medium,moderate,610,33,12,91,4,2,880,False,,,True,False
NGV2_0405,Starch and Ofe Nsala,"starch, catfish, yam, utazi, spices",Classic Nigerian swallow plate served with Ofe Nsala.,Limit,combo,South-East,medium,moderate,620,29,19,83,4,2,900,False,,,True,False
NGV2_0406,Eba and Ofe Onugbu,"eba, bitterleaf, cocoyam, fish, meat, palm oil",Classic Nigerian swallow plate served with Ofe Onugbu.,Moderate,combo,South-East,medium,moderate,690,27,22,98,10,3,815,False,,,False,False
NGV2_0407,Amala and Ofe Onugbu,"amala, bitterleaf, cocoyam, fish, meat, palm oil",Classic Nigerian swallow plate served with Ofe Onugbu.,Moderate,combo,South-East,medium,moderate,670,30,22,88,11,3,840,False,,,False,False
NGV2_0408,Pounded Yam and Ofe Onugbu,"pounded yam, bitterleaf, cocoyam, fish, meat, palm oil",Classic Nigerian swallow plate served with Ofe Onugbu.,Limit,combo,South-East,medium,moderate,710,30,22,99,10,3,850,False,,,False,False
NGV2_0409,Semovita and Ofe Onugbu,"semovita, bitterleaf, cocoyam, fish, meat, palm oil",Classic Nigerian swallow plate served with Ofe Onugbu.,Moderate,combo,South-East,medium,moderate,680,34,22,86,9,3,850,False,,,False,False
NGV2_0410,Wheat Swallow and Ofe Onugbu,"wheat swallow, bitterleaf, cocoyam, fish, meat, palm oil",Classic Nigerian swallow plate served with Ofe Onugbu.,Moderate,combo,South-East,medium,moderate,660,36,23,78,14,3,845,False,,,False,False
NGV2_0411,Tuwo Shinkafa and Ofe Onugbu,"tuwo shinkafa, bitterleaf, cocoyam, fish, meat, palm oil",Classic Nigerian swallow plate served with Ofe Onugbu.,Moderate,combo,South-East,medium,moderate,700,31,22,94,8,3,840,False,,,False,False
NGV2_0412,Starch and Ofe Onugbu,"starch, bitterleaf, cocoyam, fish, meat, palm oil",Classic Nigerian swallow plate served with Ofe Onugbu.,Limit,combo,South-East,medium,moderate,710,27,29,86,8,3,860,False,,,False,False
NGV2_0413,Eba and Ofe Owerri,"eba, assorted vegetables, fish, meat, palm oil",Classic Nigerian swallow plate served with Ofe Owerri.,Limit,combo,South-East,medium,expensive,730,32,25,95,10,3,885,False,,,False,False
NGV2_0414,Amala and Ofe Owerri,"amala, assorted vegetables, fish, meat, palm oil",Classic Nigerian swallow plate served with Ofe Owerri.,Limit,combo,South-East,medium,expensive,710,35,25,85,11,3,910,False,,,False,True
NGV2_0415,Pounded Yam and Ofe Owerri,"pounded yam, assorted vegetables, fish, meat, palm oil",Classic Nigerian swallow plate served with Ofe Owerri.,Limit,combo,South-East,medium,expensive,750,35,25,96,10,3,920,False,,,False,True
NGV2_0416,Semovita and Ofe Owerri,"semovita, assorted vegetables, fish, meat, palm oil",Classic Nigerian swallow plate served with Ofe Owerri.,Limit,combo,South-East,medium,expensive,720,39,25,83,9,3,920,False,,,False,True
NGV2_0417,Wheat Swallow and Ofe Owerri,"wheat swallow, assorted vegetables, fish, meat, palm oil",Classic Nigerian swallow plate served with Ofe Owerri.,Moderate,combo,South-East,medium,expensive,700,41,26,75,14,3,915,False,,,False,True
NGV2_0418,Tuwo Shinkafa and Ofe Owerri,"tuwo shinkafa, assorted vegetables, fish, meat, palm oil",Classic Nigerian swallow plate served with Ofe Owerri.,Limit,combo,South-East,medium,expensive,740,36,25,91,8,3,910,False,,,False,True
NGV2_0419,Starch and Ofe Owerri,"starch, assorted vegetables, fish, meat, palm oil",Classic Nigerian swallow plate served with Ofe Owerri.,Limit,combo,South-East,medium,expensive,750,32,32,83,8,3,930,False,,,False,True
NGV2_0420,Eba and Afang Soup,"eba, afang leaves, waterleaf, fish, meat, palm oil",Classic Nigerian swallow plate served with Afang Soup.,Moderate,combo,South-East,medium,moderate,680,27,21,95,11,3,795,False,,,False,False
NGV2_0421,Amala and Afang Soup,"amala, afang leaves, waterleaf, fish, meat, palm oil",Classic Nigerian swallow plate served with Afang Soup.,Moderate,combo,South-East,medium,moderate,660,30,21,85,12,3,820,False,,,False,False
NGV2_0422,Pounded Yam and Afang Soup,"pounded yam, afang leaves, waterleaf, fish, meat, palm oil",Classic Nigerian swallow plate served with Afang Soup.,Moderate,combo,South-East,medium,moderate,700,30,21,96,11,3,830,False,,,False,False
NGV2_0423,Semovita and Afang Soup,"semovita, afang leaves, waterleaf, fish, meat, palm oil",Classic Nigerian swallow plate served with Afang Soup.,Moderate,combo,South-East,medium,moderate,670,34,21,83,10,3,830,False,,,False,False
NGV2_0424,Wheat Swallow and Afang Soup,"wheat swallow, afang leaves, waterleaf, fish, meat, palm oil",Classic Nigerian swallow plate served with Afang Soup.,Moderate,combo,South-East,medium,moderate,650,36,22,75,15,3,825,False,,,False,False
NGV2_0425,Tuwo Shinkafa and Afang Soup,"tuwo shinkafa, afang leaves, waterleaf, fish, meat, palm oil",Classic Nigerian swallow plate served with Afang Soup.,Moderate,combo,South-East,medium,moderate,690,31,21,91,9,3,820,False,,,False,False
NGV2_0426,Starch and Afang Soup,"starch, afang leaves, waterleaf, fish, meat, palm oil",Classic Nigerian swallow plate served with Afang Soup.,Moderate,combo,South-East,medium,moderate,700,27,28,83,9,3,840,False,,,False,False
NGV2_0427,Eba and Edikang Ikong,"eba, ugu, waterleaf, fish, meat, palm oil",Classic Nigerian swallow plate served with Edikang Ikong.,Moderate,combo,South-East,medium,moderate,700,29,23,94,11,3,815,False,,,False,False
NGV2_0428,Amala and Edikang Ikong,"amala, ugu, waterleaf, fish, meat, palm oil",Classic Nigerian swallow plate served with Edikang Ikong.,Moderate,combo,South-East,medium,moderate,680,32,23,84,12,3,840,False,,,False,False
NGV2_0429,Pounded Yam and Edikang Ikong,"pounded yam, ugu, waterleaf, fish, meat, palm oil",Classic Nigerian swallow plate served with Edikang Ikong.,Limit,combo,South-East,medium,moderate,720,32,23,95,11,3,850,False,,,False,False
NGV2_0430,Semovita and Edikang Ikong,"semovita, ugu, waterleaf, fish, meat, palm oil",Classic Nigerian swallow plate served with Edikang Ikong.,Moderate,combo,South-East,medium,moderate,690,36,23,82,10,3,850,False,,,False,False
NGV2_0431,Wheat Swallow and Edikang Ikong,"wheat swallow, ugu, waterleaf, fish, meat, palm oil",Classic Nigerian swallow plate served with Edikang Ikong.,Moderate,combo,South-East,medium,moderate,670,38,24,74,15,3,845,False,,,False,False
NGV2_0432,Tuwo Shinkafa and Edikang Ikong,"tuwo shinkafa, ugu, waterleaf, fish, meat, palm oil",Classic Nigerian swallow plate served with Edikang Ikong.,Limit,combo,South-East,medium,moderate,710,33,23,90,9,3,840,False,,,False,False
NGV2_0433,Starch and Edikang Ikong,"starch, ugu, waterleaf, fish, meat, palm oil",Classic Nigerian swallow plate served with Edikang Ikong.,Limit,combo,South-East,medium,moderate,720,29,30,82,9,3,860,False,,,False,False
NGV2_0434,Eba and Miyan Kuka,"eba, baobab leaves, meat, fish, spices",Classic Nigerian swallow plate served with Miyan Kuka.,Moderate,combo,North,medium,inexpensive,570,22,13,94,11,3,795,False,,,False,False
NGV2_0435,Amala and Miyan Kuka,"amala, baobab leaves, meat, fish, spices",Classic Nigerian swallow plate served with Miyan Kuka.,Moderate,combo,North,medium,inexpensive,550,25,13,84,12,3,820,False,,,False,False
NGV2_0436,Pounded Yam and Miyan Kuka,"pounded yam, baobab leaves, meat, fish, spices",Classic Nigerian swallow plate served with Miyan Kuka.,Moderate,combo,North,medium,inexpensive,590,25,13,95,11,3,830,False,,,False,False
NGV2_0437,Semovita and Miyan Kuka,"semovita, baobab leaves, meat, fish, spices",Classic Nigerian swallow plate served with Miyan Kuka.,Moderate,combo,North,medium,inexpensive,560,29,13,82,10,3,830,False,,,False,False
NGV2_0438,Wheat Swallow and Miyan Kuka,"wheat swallow, baobab leaves, meat, fish, spices",Classic Nigerian swallow plate served with Miyan Kuka.,Moderate,combo,North,medium,inexpensive,540,31,14,74,15,3,825,False,,,False,False
NGV2_0439,Tuwo Shinkafa and Miyan Kuka,"tuwo shinkafa, baobab leaves, meat, fish, spices",Classic Nigerian swallow plate served with Miyan Kuka.,Moderate,combo,North,medium,inexpensive,580,26,13,90,9,3,820,False,,,False,False
NGV2_0440,Starch and Miyan Kuka,"starch, baobab leaves, meat, fish, spices",Classic Nigerian swallow plate served with Miyan Kuka.,Moderate,combo,North,medium,inexpensive,590,22,20,82,9,3,840,False,,,False,False
NGV2_0441,Eba and Miyan Taushe,"eba, pumpkin, groundnut, spinach, meat",Classic Nigerian swallow plate served with Miyan Taushe.,Moderate,combo,North,medium,moderate,640,21,17,104,11,6,855,False,,,False,False
NGV2_0442,Amala and Miyan Taushe,"amala, pumpkin, groundnut, spinach, meat",Classic Nigerian swallow plate served with Miyan Taushe.,Moderate,combo,North,medium,moderate,620,24,17,94,12,6,880,False,,,False,False
NGV2_0443,Pounded Yam and Miyan Taushe,"pounded yam, pumpkin, groundnut, spinach, meat",Classic Nigerian swallow plate served with Miyan Taushe.,Moderate,combo,North,medium,moderate,660,24,17,105,11,6,890,False,,,False,False
NGV2_0444,Semovita and Miyan Taushe,"semovita, pumpkin, groundnut, spinach, meat",Classic Nigerian swallow plate served with Miyan Taushe.,Moderate,combo,North,medium,moderate,630,28,17,92,10,6,890,False,,,False,False
NGV2_0445,Wheat Swallow and Miyan Taushe,"wheat swallow, pumpkin, groundnut, spinach, meat",Classic Nigerian swallow plate served with Miyan Taushe.,Moderate,combo,North,medium,moderate,610,30,18,84,15,6,885,False,,,False,False
NGV2_0446,Tuwo Shinkafa and Miyan Taushe,"tuwo shinkafa, pumpkin, groundnut, spinach, meat",Classic Nigerian swallow plate served with Miyan Taushe.,Moderate,combo,North,medium,moderate,650,25,17,100,9,6,880,False,,,False,False
NGV2_0447,Starch and Miyan Taushe,"starch, pumpkin, groundnut, spinach, meat",Classic Nigerian swallow plate served with Miyan Taushe.,Moderate,combo,North,medium,moderate,660,21,24,92,9,6,900,False,,,False,False
NGV2_0448,Eba and Miyan Wake,"eba, bean soup, spices, meat",Classic Nigerian swallow plate served with Miyan Wake.,Moderate,combo,North,medium,inexpensive,620,20,12,110,13,4,795,False,,,False,False
NGV2_0449,Amala and Miyan Wake,"amala, bean soup, spices, meat",Classic Nigerian swallow plate served with Miyan Wake.,Moderate,combo,North,medium,inexpensive,600,23,12,100,14,4,820,False,,,False,False
NGV2_0450,Pounded Yam and Miyan Wake,"pounded yam, bean soup, spices, meat",Classic Nigerian swallow plate served with Miyan Wake.,Moderate,combo,North,medium,inexpensive,640,23,12,111,13,4,830,False,,,False,False
NGV2_0451,Semovita and Miyan Wake,"semovita, bean soup, spices, meat",Classic Nigerian swallow plate served with Miyan Wake.,Moderate,combo,North,medium,inexpensive,610,27,12,98,12,4,830,False,,,False,False
NGV2_0452,Wheat Swallow and Miyan Wake,"wheat swallow, bean soup, spices, meat",Classic Nigerian swallow plate served with Miyan Wake.,Moderate,combo,North,medium,inexpensive,590,29,13,90,17,4,825,False,,,False,False
NGV2_0453,Tuwo Shinkafa and Miyan Wake,"tuwo shinkafa, bean soup, spices, meat",Classic Nigerian swallow plate served with Miyan Wake.,Moderate,combo,North,medium,inexpensive,630,24,12,106,11,4,820,False,,,False,False
NGV2_0454,Starch and Miyan Wake,"starch, bean soup, spices, meat",Classic Nigerian swallow plate served with Miyan Wake.,Moderate,combo,North,medium,inexpensive,640,20,19,98,11,4,840,False,,,False,False
NGV2_0455,Eba and Banga Soup,"eba, palm fruit, fish, meat, spices",Classic Nigerian swallow plate served with Banga Soup.,Limit,combo,South-South,medium,moderate,760,26,31,95,9,4,865,False,,,False,False
NGV2_0456,Amala and Banga Soup,"amala, palm fruit, fish, meat, spices",Classic Nigerian swallow plate served with Banga Soup.,Limit,combo,South-South,medium,moderate,740,29,31,85,10,4,890,False,,,False,False
NGV2_0457,Pounded Yam and Banga Soup,"pounded yam, palm fruit, fish, meat, spices",Classic Nigerian swallow plate served with Banga Soup.,Limit,combo,South-South,medium,moderate,780,29,31,96,9,4,900,False,,,False,False
NGV2_0458,Semovita and Banga Soup,"semovita, palm fruit, fish, meat, spices",Classic Nigerian swallow plate served with Banga Soup.,Limit,combo,South-South,medium,moderate,750,33,31,83,8,4,900,False,,,False,False
NGV2_0459,Wheat Swallow and Banga Soup,"wheat swallow, palm fruit, fish, meat, spices",Classic Nigerian swallow plate served with Banga Soup.,Limit,combo,South-South,medium,moderate,730,35,32,75,13,4,895,False,,,False,False
NGV2_0460,Tuwo Shinkafa and Banga Soup,"tuwo shinkafa, palm fruit, fish, meat, spices",Classic Nigerian swallow plate served with Banga Soup.,Limit,combo,South-South,medium,moderate,770,30,31,91,7,4,890,False,,,False,False
NGV2_0461,Starch and Banga Soup,"starch, palm fruit, fish, meat, spices",Classic Nigerian swallow plate served with Banga Soup.,Limit,combo,South-South,medium,moderate,780,26,38,83,7,4,910,False,,,False,True
NGV2_0462,Eba and Fisherman Soup,"eba, fresh fish, seafood, vegetables, pepper",Classic Nigerian swallow plate served with Fisherman Soup.,Moderate,combo,South-South,medium,expensive,670,37,17,92,8,3,825,False,,,False,False
NGV2_0463,Amala and Fisherman Soup,"amala, fresh fish, seafood, vegetables, pepper",Classic Nigerian swallow plate served with Fisherman Soup.,Moderate,combo,South-South,medium,expensive,650,40,17,82,9,3,850,False,,,False,False
NGV2_0464,Pounded Yam and Fisherman Soup,"pounded yam, fresh fish, seafood, vegetables, pepper",Classic Nigerian swallow plate served with Fisherman Soup.,Moderate,combo,South-South,medium,expensive,690,40,17,93,8,3,860,False,,,False,False
NGV2_0465,Semovita and Fisherman Soup,"semovita, fresh fish, seafood, vegetables, pepper",Classic Nigerian swallow plate served with Fisherman Soup.,Moderate,combo,South-South,medium,expensive,660,44,17,80,7,3,860,False,,,False,False
NGV2_0466,Wheat Swallow and Fisherman Soup,"wheat swallow, fresh fish, seafood, vegetables, pepper",Classic Nigerian swallow plate served with Fisherman Soup.,Moderate,combo,South-South,medium,expensive,640,46,18,72,12,3,855,False,,,False,False
NGV2_0467,Tuwo Shinkafa and Fisherman Soup,"tuwo shinkafa, fresh fish, seafood, vegetables, pepper",Classic Nigerian swallow plate served with Fisherman Soup.,Moderate,combo,South-South,medium,expensive,680,41,17,88,6,3,850,False,,,False,False
NGV2_0468,Starch and Fisherman Soup,"starch, fresh fish, seafood, vegetables, pepper",Classic Nigerian swallow plate served with Fisherman Soup.,Moderate,combo,South-South,medium,expensive,690,37,24,80,6,3,870,False,,,False,False
NGV2_0469,Eba and Editan Soup,"eba, editan leaves, fish, meat, palm oil",Classic Nigerian swallow plate served with Editan Soup.,Moderate,combo,South-South,medium,moderate,660,26,20,94,11,3,795,False,,,False,False
NGV2_0470,Amala and Editan Soup,"amala, editan leaves, fish, meat, palm oil",Classic Nigerian swallow plate served with Editan Soup.,Moderate,combo,South-South,medium,moderate,640,29,20,84,12,3,820,False,,,False,False
NGV2_0471,Pounded Yam and Editan Soup,"pounded yam, editan leaves, fish, meat, palm oil",Classic Nigerian swallow plate served with Editan Soup.,Moderate,combo,South-South,medium,moderate,680,29,20,95,11,3,830,False,,,False,False
NGV2_0472,Semovita and Editan Soup,"semovita, editan leaves, fish, meat, palm oil",Classic Nigerian swallow plate served with Editan Soup.,Moderate,combo,South-South,medium,moderate,650,33,20,82,10,3,830,False,,,False,False
NGV2_0473,Wheat Swallow and Editan Soup,"wheat swallow, editan leaves, fish, meat, palm oil",Classic Nigerian swallow plate served with Editan Soup.,Moderate,combo,South-South,medium,moderate,630,35,21,74,15,3,825,False,,,False,False
NGV2_0474,Tuwo Shinkafa and Editan Soup,"tuwo shinkafa, editan leaves, fish, meat, palm oil",Classic Nigerian swallow plate served with Editan Soup.,Moderate,combo,South-South,medium,moderate,670,30,20,90,9,3,820,False,,,False,False
NGV2_0475,Starch and Editan Soup,"starch, editan leaves, fish, meat, palm oil",Classic Nigerian swallow plate served with Editan Soup.,Moderate,combo,South-South,medium,moderate,680,26,27,82,9,3,840,False,,,False,False
NGV2_0476,Eba and Owo Soup,"eba, palm oil, potash, fish, meat",Classic Nigerian swallow plate served with Owo Soup.,Moderate,combo,South-South,medium,moderate,700,25,26,92,7,3,915,False,,,False,True
NGV2_0477,Amala and Owo Soup,"amala, palm oil, potash, fish, meat",Classic Nigerian swallow plate served with Owo Soup.,Moderate,combo,South-South,medium,moderate,680,28,26,82,8,3,940,False,,,False,True
NGV2_0478,Pounded Yam and Owo Soup,"pounded yam, palm oil, potash, fish, meat",Classic Nigerian swallow plate served with Owo Soup.,Limit,combo,South-South,medium,moderate,720,28,26,93,7,3,950,False,,,False,True
NGV2_0479,Semovita and Owo Soup,"semovita, palm oil, potash, fish, meat",Classic Nigerian swallow plate served with Owo Soup.,Moderate,combo,South-South,medium,moderate,690,32,26,80,6,3,950,False,,,False,True
NGV2_0480,Wheat Swallow and Owo Soup,"wheat swallow, palm oil, potash, fish, meat",Classic Nigerian swallow plate served with Owo Soup.,Moderate,combo,South-South,medium,moderate,670,34,27,72,11,3,945,False,,,False,True
NGV2_0481,Tuwo Shinkafa and Owo Soup,"tuwo shinkafa, palm oil, potash, fish, meat",Classic Nigerian swallow plate served with Owo Soup.,Limit,combo,South-South,medium,moderate,710,29,26,88,5,3,940,False,,,True,True
NGV2_0482,Starch and Owo Soup,"starch, palm oil, potash, fish, meat",Classic Nigerian swallow plate served with Owo Soup.,Limit,combo,South-South,medium,moderate,720,25,33,80,5,3,960,False,,,True,True
NGV2_0483,Eba and Groundnut Soup,"eba, groundnut, vegetables, meat, fish",Classic Nigerian swallow plate served with Groundnut Soup.,Limit,combo,Middle Belt,medium,moderate,730,26,26,98,10,5,815,False,,,False,False
NGV2_0484,Amala and Groundnut Soup,"amala, groundnut, vegetables, meat, fish",Classic Nigerian swallow plate served with Groundnut Soup.,Limit,combo,Middle Belt,medium,moderate,710,29,26,88,11,5,840,False,,,False,False
NGV2_0485,Pounded Yam and Groundnut Soup,"pounded yam, groundnut, vegetables, meat, fish",Classic Nigerian swallow plate served with Groundnut Soup.,Limit,combo,Middle Belt,medium,moderate,750,29,26,99,10,5,850,False,,,False,False
NGV2_0486,Semovita and Groundnut Soup,"semovita, groundnut, vegetables, meat, fish",Classic Nigerian swallow plate served with Groundnut Soup.,Limit,combo,Middle Belt,medium,moderate,720,33,26,86,9,5,850,False,,,False,False
NGV2_0487,Wheat Swallow and Groundnut Soup,"wheat swallow, groundnut, vegetables, meat, fish",Classic Nigerian swallow plate served with Groundnut Soup.,Moderate,combo,Middle Belt,medium,moderate,700,35,27,78,14,5,845,False,,,False,False
NGV2_0488,Tuwo Shinkafa and Groundnut Soup,"tuwo shinkafa, groundnut, vegetables, meat, fish",Classic Nigerian swallow plate served with Groundnut Soup.,Limit,combo,Middle Belt,medium,moderate,740,30,26,94,8,5,840,False,,,False,False
NGV2_0489,Starch and Groundnut Soup,"starch, groundnut, vegetables, meat, fish",Classic Nigerian swallow plate served with Groundnut Soup.,Limit,combo,Middle Belt,medium,moderate,750,26,33,86,8,5,860,False,,,False,False
NGV2_0490,Eba and Okoho Soup,"eba, okoho stem, sesame, fish, meat",Classic Nigerian swallow plate served with Okoho Soup.,Moderate,combo,Middle Belt,mild,moderate,610,22,13,100,9,3,685,False,,,False,False
NGV2_0491,Amala and Okoho Soup,"amala, okoho stem, sesame, fish, meat",Classic Nigerian swallow plate served with Okoho Soup.,Moderate,combo,Middle Belt,mild,moderate,590,25,13,90,10,3,710,False,,,False,False
NGV2_0492,Pounded Yam and Okoho Soup,"pounded yam, okoho stem, sesame, fish, meat",Classic Nigerian swallow plate served with Okoho Soup.,Moderate,combo,Middle Belt,mild,moderate,630,25,13,101,9,3,720,False,,,False,False
NGV2_0493,Semovita and Okoho Soup,"semovita, okoho stem, sesame, fish, meat",Classic Nigerian swallow plate served with Okoho Soup.,Moderate,combo,Middle Belt,mild,moderate,600,29,13,88,8,3,720,False,,,False,False
NGV2_0494,Wheat Swallow and Okoho Soup,"wheat swallow, okoho stem, sesame, fish, meat",Classic Nigerian swallow plate served with Okoho Soup.,Moderate,combo,Middle Belt,mild,moderate,580,31,14,80,13,3,715,False,,,False,False
NGV2_0495,Tuwo Shinkafa and Okoho Soup,"tuwo shinkafa, okoho stem, sesame, fish, meat",Classic Nigerian swallow plate served with Okoho Soup.,Moderate,combo,Middle Belt,mild,moderate,620,26,13,96,7,3,710,False,,,False,False
NGV2_0496,Starch and Okoho Soup,"starch, okoho stem, sesame, fish, meat",Classic Nigerian swallow plate served with Okoho Soup.,Moderate,combo,Middle Belt,mild,moderate,630,22,20,88,7,3,730,False,,,False,False
NGV2_0497,Eba and Egusi Soup,"eba, melon seed, vegetables, fish, meat, palm oil",Classic Nigerian swallow plate served with Egusi Soup.,Limit,combo,Nationwide,medium,moderate,770,27,33,95,9,3,855,False,,,False,False
NGV2_0498,Amala and Egusi Soup,"amala, melon seed, vegetables, fish, meat, palm oil",Classic Nigerian swallow plate served with Egusi Soup.,Limit,combo,Nationwide,medium,moderate,750,30,33,85,10,3,880,False,,,False,False
NGV2_0499,Pounded Yam and Egusi Soup,"pounded yam, melon seed, vegetables, fish, meat, palm oil",Classic Nigerian swallow plate served with Egusi Soup.,Limit,combo,Nationwide,medium,moderate,790,30,33,96,9,3,890,False,,,False,False
NGV2_0500,Semovita and Egusi Soup,"semovita, melon seed, vegetables, fish, meat, palm oil",Classic Nigerian swallow plate served with Egusi Soup.,Limit,combo,Nationwide,medium,moderate,760,34,33,83,8,3,890,False,,,False,False
NGV2_0501,Wheat Swallow and Egusi Soup,"wheat swallow, melon seed, vegetables, fish, meat, palm oil",Classic Nigerian swallow plate served with Egusi Soup.,Limit,combo,Nationwide,medium,moderate,740,36,34,75,13,3,885,False,,,False,False
NGV2_0502,Tuwo Shinkafa and Egusi Soup,"tuwo shinkafa, melon seed, vegetables, fish, meat, palm oil",Classic Nigerian swallow plate served with Egusi Soup.,Limit,combo,Nationwide,medium,moderate,780,31,33,91,7,3,880,False,,,False,False
NGV2_0503,Starch and Egusi Soup,"starch, melon seed, vegetables, fish, meat, palm oil",Classic Nigerian swallow plate served with Egusi Soup.,Limit,combo,Nationwide,medium,moderate,790,27,40,83,7,3,900,False,,,False,False
NGV2_0504,Eba and Okra Soup,"eba, okra, fish, meat, pepper",Classic Nigerian swallow plate served with Okra Soup.,Moderate,combo,Nationwide,medium,moderate,590,21,14,96,10,4,715,False,,,False,False
NGV2_0505,Amala and Okra Soup,"amala, okra, fish, meat, pepper",Classic Nigerian swallow plate served with Okra Soup.,Moderate,combo,Nationwide,medium,moderate,570,24,14,86,11,4,740,False,,,False,False
NGV2_0506,Pounded Yam and Okra Soup,"pounded yam, okra, fish, meat, pepper",Classic Nigerian swallow plate served with Okra Soup.,Moderate,combo,Nationwide,medium,moderate,610,24,14,97,10,4,750,False,,,False,False
NGV2_0507,Semovita and Okra Soup,"semovita, okra, fish, meat, pepper",Classic Nigerian swallow plate served with Okra Soup.,Moderate,combo,Nationwide,medium,moderate,580,28,14,84,9,4,750,False,,,False,False
NGV2_0508,Wheat Swallow and Okra Soup,"wheat swallow, okra, fish, meat, pepper",Classic Nigerian swallow plate served with Okra Soup.,Moderate,combo,Nationwide,medium,moderate,560,30,15,76,14,4,745,False,,,False,False
NGV2_0509,Tuwo Shinkafa and Okra Soup,"tuwo shinkafa, okra, fish, meat, pepper",Classic Nigerian swallow plate served with Okra Soup.,Moderate,combo,Nationwide,medium,moderate,600,25,14,92,8,4,740,False,,,False,False
NGV2_0510,Starch and Okra Soup,"starch, okra, fish, meat, pepper",Classic Nigerian swallow plate served with Okra Soup.,Moderate,combo,Nationwide,medium,moderate,610,21,21,84,8,4,760,False,,,False,False
NGV2_0511,Eba and Ogbono Soup,"eba, ogbono seed, fish, meat, palm oil",Classic Nigerian swallow plate served with Ogbono Soup.,Limit,combo,Nationwide,medium,moderate,720,24,28,94,9,3,815,False,,,False,False
NGV2_0512,Amala and Ogbono Soup,"amala, ogbono seed, fish, meat, palm oil",Classic Nigerian swallow plate served with Ogbono Soup.,Moderate,combo,Nationwide,medium,moderate,700,27,28,84,10,3,840,False,,,False,False
NGV2_0513,Pounded Yam and Ogbono Soup,"pounded yam, ogbono seed, fish, meat, palm oil",Classic Nigerian swallow plate served with Ogbono Soup.,Limit,combo,Nationwide,medium,moderate,740,27,28,95,9,3,850,False,,,False,False
NGV2_0514,Semovita and Ogbono Soup,"semovita, ogbono seed, fish, meat, palm oil",Classic Nigerian swallow plate served with Ogbono Soup.,Limit,combo,Nationwide,medium,moderate,710,31,28,82,8,3,850,False,,,False,False
NGV2_0515,Wheat Swallow and Ogbono Soup,"wheat swallow, ogbono seed, fish, meat, palm oil",Classic Nigerian swallow plate served with Ogbono Soup.,Limit,combo,Nationwide,medium,moderate,690,33,29,74,13,3,845,False,,,False,False
NGV2_0516,Tuwo Shinkafa and Ogbono Soup,"tuwo shinkafa, ogbono seed, fish, meat, palm oil",Classic Nigerian swallow plate served with Ogbono Soup.,Limit,combo,Nationwide,medium,moderate,730,28,28,90,7,3,840,False,,,False,False
NGV2_0517,Starch and Ogbono Soup,"starch, ogbono seed, fish, meat, palm oil",Classic Nigerian swallow plate served with Ogbono Soup.,Limit,combo,Nationwide,medium,moderate,740,24,35,82,7,3,860,False,,,False,False
NGV2_0518,Eba and Vegetable Soup,"eba, leafy vegetables, fish, meat, pepper",Classic Nigerian swallow plate served with Vegetable Soup.,Moderate,combo,Nationwide,medium,moderate,600,24,15,92,11,3,675,False,,,False,False
NGV2_0519,Amala and Vegetable Soup,"amala, leafy vegetables, fish, meat, pepper",Classic Nigerian swallow plate served with Vegetable Soup.,Moderate,combo,Nationwide,medium,moderate,580,27,15,82,12,3,700,False,,,False,False
NGV2_0520,Pounded Yam and Vegetable Soup,"pounded yam, leafy vegetables, fish, meat, pepper",Classic Nigerian swallow plate served with Vegetable Soup.,Moderate,combo,Nationwide,medium,moderate,620,27,15,93,11,3,710,False,,,False,False
NGV2_0521,Semovita and Vegetable Soup,"semovita, leafy vegetables, fish, meat, pepper",Classic Nigerian swallow plate served with Vegetable Soup.,Moderate,combo,Nationwide,medium,moderate,590,31,15,80,10,3,710,False,,,False,False
NGV2_0522,Wheat Swallow and Vegetable Soup,"wheat swallow, leafy vegetables, fish, meat, pepper",Classic Nigerian swallow plate served with Vegetable Soup.,Moderate,combo,Nationwide,medium,moderate,570,33,16,72,15,3,705,False,,,False,False
NGV2_0523,Tuwo Shinkafa and Vegetable Soup,"tuwo shinkafa, leafy vegetables, fish, meat, pepper",Classic Nigerian swallow plate served with Vegetable Soup.,Moderate,combo,Nationwide,medium,moderate,610,28,15,88,9,3,700,False,,,False,False
NGV2_0524,Starch and Vegetable Soup,"starch, leafy vegetables, fish, meat, pepper",Classic Nigerian swallow plate served with Vegetable Soup.,Moderate,combo,Nationwide,medium,moderate,620,24,22,80,9,3,720,False,,,False,False
NGV2_0525,Eba and Pepper Soup,"eba, fish or meat, pepper, spices",Classic Nigerian swallow plate served with Pepper Soup.,Limit,combo,Nationwide,hot,moderate,560,30,11,87,5,2,1015,False,,,True,True
NGV2_0526,Amala and Pepper Soup,"amala, fish or meat, pepper, spices",Classic Nigerian swallow plate served with Pepper Soup.,Limit,combo,Nationwide,hot,moderate,540,33,11,77,6,2,1040,False,,,False,True
NGV2_0527,Pounded Yam and Pepper Soup,"pounded yam, fish or meat, pepper, spices",Classic Nigerian swallow plate served with Pepper Soup.,Limit,combo,Nationwide,hot,moderate,580,33,11,88,5,2,1050,False,,,True,True
NGV2_0528,Semovita and Pepper Soup,"semovita, fish or meat, pepper, spices",Classic Nigerian swallow plate served with Pepper Soup.,Limit,combo,Nationwide,hot,moderate,550,37,11,75,4,2,1050,False,,,False,True
NGV2_0529,Wheat Swallow and Pepper Soup,"wheat swallow, fish or meat, pepper, spices",Classic Nigerian swallow plate served with Pepper Soup.,Limit,combo,Nationwide,hot,moderate,530,39,12,67,9,2,1045,False,,,False,True
NGV2_0530,Tuwo Shinkafa and Pepper Soup,"tuwo shinkafa, fish or meat, pepper, spices",Classic Nigerian swallow plate served with Pepper Soup.,Limit,combo,Nationwide,hot,moderate,570,34,11,83,3,2,1040,False,,,True,True
NGV2_0531,Starch and Pepper Soup,"starch, fish or meat, pepper, spices",Classic Nigerian swallow plate served with Pepper Soup.,Limit,combo,Nationwide,hot,moderate,580,30,18,75,3,2,1060,False,,,True,True
NGV2_0532,Eba and Catfish Pepper Soup,"eba, catfish, pepper, scent leaf, spices",Classic Nigerian swallow plate served with Catfish Pepper Soup.,Moderate,combo,Nationwide,hot,moderate,580,34,10,86,5,2,955,False,,,True,True
NGV2_0533,Amala and Catfish Pepper Soup,"amala, catfish, pepper, scent leaf, spices",Classic Nigerian swallow plate served with Catfish Pepper Soup.,Moderate,combo,Nationwide,hot,moderate,560,37,10,76,6,2,980,False,,,False,True
NGV2_0534,Pounded Yam and Catfish Pepper Soup,"pounded yam, catfish, pepper, scent leaf, spices",Classic Nigerian swallow plate served with Catfish Pepper Soup.,Moderate,combo,Nationwide,hot,moderate,600,37,10,87,5,2,990,False,,,True,True
NGV2_0535,Semovita and Catfish Pepper Soup,"semovita, catfish, pepper, scent leaf, spices",Classic Nigerian swallow plate served with Catfish Pepper Soup.,Moderate,combo,Nationwide,hot,moderate,570,41,10,74,4,2,990,False,,,False,True
NGV2_0536,Wheat Swallow and Catfish Pepper Soup,"wheat swallow, catfish, pepper, scent leaf, spices",Classic Nigerian swallow plate served with Catfish Pepper Soup.,Moderate,combo,Nationwide,hot,moderate,550,43,11,66,9,2,985,False,,,False,True
NGV2_0537,Tuwo Shinkafa and Catfish Pepper Soup,"tuwo shinkafa, catfish, pepper, scent leaf, spices",Classic Nigerian swallow plate served with Catfish Pepper Soup.,Limit,combo,Nationwide,hot,moderate,590,38,10,82,3,2,980,False,,,True,True
NGV2_0538,Starch and Catfish Pepper Soup,"starch, catfish, pepper, scent leaf, spices",Classic Nigerian swallow plate served with Catfish Pepper Soup.,Moderate,combo,Nationwide,hot,moderate,600,34,17,74,3,2,1000,False,,,True,True
NGV2_0539,Eba and Goat Meat Pepper Soup,"eba, goat meat, pepper, spices",Classic Nigerian swallow plate served with Goat Meat Pepper Soup.,Limit,combo,Nationwide,hot,moderate,650,36,19,86,5,2,1085,False,,,True,True
NGV2_0540,Amala and Goat Meat Pepper Soup,"amala, goat meat, pepper, spices",Classic Nigerian swallow plate served with Goat Meat Pepper Soup.,Limit,combo,Nationwide,hot,moderate,630,39,19,76,6,2,1110,False,,,False,True
NGV2_0541,Pounded Yam and Goat Meat Pepper Soup,"pounded yam, goat meat, pepper, spices",Classic Nigerian swallow plate served with Goat Meat Pepper Soup.,Limit,combo,Nationwide,hot,moderate,670,39,19,87,5,2,1120,False,,,True,True
NGV2_0542,Semovita and Goat Meat Pepper Soup,"semovita, goat meat, pepper, spices",Classic Nigerian swallow plate served with Goat Meat Pepper Soup.,Limit,combo,Nationwide,hot,moderate,640,43,19,74,4,2,1120,False,,,True,True
NGV2_0543,Wheat Swallow and Goat Meat Pepper Soup,"wheat swallow, goat meat, pepper, spices",Classic Nigerian swallow plate served with Goat Meat Pepper Soup.,Limit,combo,Nationwide,hot,moderate,620,45,20,66,9,2,1115,False,,,False,True
NGV2_0544,Tuwo Shinkafa and Goat Meat Pepper Soup,"tuwo shinkafa, goat meat, pepper, spices",Classic Nigerian swallow plate served with Goat Meat Pepper Soup.,Limit,combo,Nationwide,hot,moderate,660,40,19,82,3,2,1110,False,,,True,True
NGV2_0545,Starch and Goat Meat Pepper Soup,"starch, goat meat, pepper, spices",Classic Nigerian swallow plate served with Goat Meat Pepper Soup.,Limit,combo,Nationwide,hot,moderate,670,36,26,74,3,2,1130,False,,,True,True
